{
    "topics": [
        {
            "id": "sensor1",
            "topic": "zigbee2mqtt/sensor1",
            "name": "Sensor1-Sonoff-SNZB-04",
            "type": "contact",
            "icon": "/images/door-sensor.png",
            "color": "#4682B4"
        },
        {
            "id": "sensor2",
            "topic": "zigbee2mqtt/sensor2",
            "name": "Sensor2-Sonoff-SNZB-04",
            "type": "contact",
            "icon": "/images/door-sensor.png",
            "color": "#20B2AA"
        },
        {
            "id": "sensor3",
            "topic": "zigbee2mqtt/sensor3",
            "name": "Sensor3-Sonoff-SNZB-04",
            "type": "contact",
            "icon": "/images/door-sensor.png",
            "color": "#6A5ACD"
        },
        {
            "id": "sensor4",
            "topic": "zigbee2mqtt/Sensor4-Sonoff-SNZB-04",
            "name": "Sensor4-Sonoff-SNZB-04",
            "type": "contact",
            "icon": "/images/door-sensor.png",
            "color": "#FF7F50"
        },
        {
            "id": "livinglab_event",
            "topic": "zigbee2mqtt/livinglab/event",
            "name": "LivingLab Event",
            "type": "contact",
            "icon": "/images/event-sensor.png",
            "color": "#32CD32"
        }
    ],
    "settings": {
        "dataStorageEnabled": true,
        "dataStoragePath": "./data",
        "dataRetentionDays": 7,
        "refreshIntervalMs": 500,
        "maxDataPointsPerSensor": 100,
        "defaultGridLayout": 3
    }
}