{
  "2": {
    "name": "c31",
    "ipAddress": "192.168.0.31",
    "username": "admin",
    "password": "admin123",
    "streamPath": "h264Preview_01_main",
    "port": "554",
    "userId": 1,
    "id": 2,
    "isRecording": false,
    "status": "error",
    "lastSeen": "2025-04-23T19:02:12.239Z",
    "metrics": {
      "fps": 0,
      "bitrate": 0,
      "resolution": "",
      "uptime": 0,
      "connectionErrors": 24,
      "lastErrorTime": "2025-04-23T19:02:12.239Z",
      "lastErrorMessage": "Error de conexión"
    },
    "recordingPrefix": "c31"
  },
  "3": {
    "name": "c32",
    "ipAddress": "192.168.0.32",
    "username": "admin",
    "password": "admin123",
    "streamPath": "h264Preview_01_main",
    "port": "554",
    "userId": 1,
    "id": 3,
    "isRecording": false,
    "status": "error",
    "lastSeen": "2025-04-23T19:02:15.573Z",
    "metrics": {
      "fps": 0,
      "bitrate": 0,
      "resolution": "",
      "uptime": 0,
      "connectionErrors": 19,
      "lastErrorTime": "2025-04-23T19:02:15.573Z",
      "lastErrorMessage": "Error de conexión"
    },
    "recordingPrefix": "c32_livinglab"
  },
  "4": {
    "name": "camara salon",
    "ipAddress": "192.168.0.33",
    "username": "admin",
    "password": "admin123",
    "streamPath": "h264Preview_01_main",
    "port": "554",
    "userId": 1,
    "id": 4,
    "isRecording": false,
    "status": "error",
    "lastSeen": "2025-04-23T19:02:16.892Z",
    "metrics": {
      "fps": 0,
      "bitrate": 0,
      "resolution": "",
      "uptime": 0,
      "connectionErrors": 8,
      "lastErrorTime": "2025-04-23T19:02:16.892Z",
      "lastErrorMessage": "Error de conexión"
    }
  }
}