{
  "6": {
    "cameraId": 2,
    "filePath": "/home/runner/workspace/recordings/c31-2-2025-03-19T23-27-58-437Z.mp4",
    "startTime": "2025-03-19T23:27:58.437Z",
    "title": "c31 2025-03-19T23-27-58-437Z",
    "id": 6,
    "status": "error",
    "endTime": "2025-03-19T23:27:58.522Z",
    "description": null,
    "tags": [],
    "aiAnalysis": null
  },
  "7": {
    "cameraId": 3,
    "filePath": "/home/runner/workspace/recordings/c32_livinglab-3-2025-03-19T23-27-58-437Z.mp4",
    "startTime": "2025-03-19T23:27:58.437Z",
    "title": "c32_livinglab 2025-03-19T23-27-58-437Z",
    "id": 7,
    "status": "error",
    "endTime": "2025-03-19T23:27:58.518Z",
    "description": null,
    "tags": [],
    "aiAnalysis": null
  },
  "11": {
    "cameraId": 2,
    "filePath": "/home/runner/workspace/recordings/cam2-2-2025-04-02T11-23-49-501Z.mp4",
    "startTime": "2025-04-02T11:23:49.501Z",
    "title": "cam2 2025-04-02T11-23-49-501Z",
    "id": 11,
    "status": "error",
    "endTime": "2025-04-02T11:23:49.564Z",
    "description": null,
    "tags": [],
    "aiAnalysis": null
  },
  "14": {
    "cameraId": 2,
    "filePath": "/home/runner/workspace/recordings/cam2-2-2025-04-02T11-30-49-700Z.mp4",
    "startTime": "2025-04-02T11:30:49.700Z",
    "title": "cam2 2025-04-02T11-30-49-700Z",
    "id": 14,
    "status": "error",
    "endTime": "2025-04-02T11:30:49.753Z",
    "description": null,
    "tags": [],
    "aiAnalysis": null
  },
  "16": {
    "cameraId": 3,
    "filePath": "/home/runner/workspace/recordings/cam3-3-2025-04-02T11-30-49-700Z.mp4",
    "startTime": "2025-04-02T11:30:49.701Z",
    "title": "cam3 2025-04-02T11-30-49-700Z",
    "id": 16,
    "status": "error",
    "endTime": "2025-04-02T11:30:49.749Z",
    "description": null,
    "tags": [],
    "aiAnalysis": null
  },
  "18": {
    "cameraId": 3,
    "filePath": "/home/runner/workspace/recordings/cam3-3-2025-04-03T11-05-35-698Z.mp4",
    "startTime": "2025-04-03T11:05:35.699Z",
    "title": "cam3 2025-04-03T11-05-35-698Z",
    "id": 18,
    "status": "error",
    "endTime": "2025-04-03T11:05:35.779Z",
    "description": null,
    "tags": [],
    "aiAnalysis": null
  },
  "21": {
    "cameraId": 2,
    "filePath": "/home/runner/workspace/recordings/cam2-2-2025-04-03T11-43-54-564Z.mp4",
    "startTime": "2025-04-03T11:43:54.564Z",
    "title": "cam2 2025-04-03T11-43-54-564Z",
    "id": 21,
    "status": "error",
    "endTime": "2025-04-03T11:43:54.621Z",
    "description": null,
    "tags": [],
    "aiAnalysis": null
  },
  "22": {
    "cameraId": 2,
    "filePath": "/home/runner/workspace/recordings/cam2-2-2025-04-03T11-45-15-320Z.mp4",
    "startTime": "2025-04-03T11:45:15.320Z",
    "title": "cam2 2025-04-03T11-45-15-320Z",
    "id": 22,
    "status": "error",
    "endTime": "2025-04-03T11:45:15.439Z",
    "description": null,
    "tags": [],
    "aiAnalysis": null
  },
  "25": {
    "cameraId": 2,
    "filePath": "/home/runner/workspace/recordings/cam2-2-2025-04-09T15-37-59-943Z.mp4",
    "startTime": "2025-04-09T15:37:59.943Z",
    "title": "cam2 2025-04-09T15-37-59-943Z",
    "sensorDataPath": "/home/runner/workspace/recordings/cam2-2-2025-04-09T15-37-59-943Z-sensors.json",
    "id": 25,
    "status": "error",
    "endTime": "2025-04-09T15:38:00.083Z",
    "description": null,
    "tags": [],
    "aiAnalysis": null
  },
  "26": {
    "cameraId": 3,
    "filePath": "/home/runner/workspace/recordings/cam3-3-2025-04-09T15-37-59-943Z.mp4",
    "startTime": "2025-04-09T15:37:59.943Z",
    "title": "cam3 2025-04-09T15-37-59-943Z",
    "sensorDataPath": "/home/runner/workspace/recordings/cam3-3-2025-04-09T15-37-59-943Z-sensors.json",
    "id": 26,
    "status": "error",
    "endTime": "2025-04-09T15:38:00.081Z",
    "description": null,
    "tags": [],
    "aiAnalysis": null
  }
}