{
  "sensorId": "device",
  "sessionId": 20,
  "startTime": "2025-05-01T15:03:36.781Z",
  "data": [
    {
      "timestamp": "2025-05-01T15:03:36.781Z",
      "topic": "zigbee2mqtt/livinglab/device/0x00124b002a6b62b7",
      "value": {
        "battery": 100,
        "battery_low": false,
        "contact": true,
        "device": {
          "applicationVersion": 5,
          "dateCode": "20230630",
          "friendlyName": "Sensor-4-despacho",
          "hardwareVersion": 1,
          "ieeeAddr": "0x00124b002a6b62b7",
          "manufacturerID": 0,
          "manufacturerName": "eWeLink",
          "model": "SNZB-04",
          "powerSource": "Battery",
          "type": "EndDevice",
          "zclVersion": 1
        },
        "linkquality": 102,
        "voltage": 3100
      },
      "payload": {
        "battery": 100,
        "battery_low": false,
        "contact": true,
        "device": {
          "applicationVersion": 5,
          "dateCode": "20230630",
          "friendlyName": "Sensor-4-despacho",
          "hardwareVersion": 1,
          "ieeeAddr": "0x00124b002a6b62b7",
          "manufacturerID": 0,
          "manufacturerName": "eWeLink",
          "model": "SNZB-04",
          "powerSource": "Battery",
          "type": "EndDevice",
          "zclVersion": 1
        },
        "linkquality": 102,
        "voltage": 3100
      },
      "battery": 100,
      "voltage": 3100,
      "linkquality": 102,
      "contact": true,
      "battery_low": false
    },
    {
      "timestamp": "2025-05-01T15:03:44.716Z",
      "topic": "zigbee2mqtt/livinglab/device/0x00124b002a6b60a6",
      "value": {
        "battery": 100,
        "battery_low": false,
        "contact": false,
        "device": {
          "applicationVersion": 5,
          "dateCode": "20230630",
          "friendlyName": "Sensor-6-OLAF",
          "hardwareVersion": 1,
          "ieeeAddr": "0x00124b002a6b60a6",
          "manufacturerID": 0,
          "manufacturerName": "eWeLink",
          "model": "SNZB-04",
          "powerSource": "Battery",
          "type": "EndDevice",
          "zclVersion": 1
        },
        "linkquality": 109,
        "voltage": 3100
      },
      "payload": {
        "battery": 100,
        "battery_low": false,
        "contact": false,
        "device": {
          "applicationVersion": 5,
          "dateCode": "20230630",
          "friendlyName": "Sensor-6-OLAF",
          "hardwareVersion": 1,
          "ieeeAddr": "0x00124b002a6b60a6",
          "manufacturerID": 0,
          "manufacturerName": "eWeLink",
          "model": "SNZB-04",
          "powerSource": "Battery",
          "type": "EndDevice",
          "zclVersion": 1
        },
        "linkquality": 109,
        "voltage": 3100
      },
      "battery": 100,
      "voltage": 3100,
      "linkquality": 109,
      "contact": false,
      "battery_low": false
    },
    {
      "timestamp": "2025-05-01T15:03:45.583Z",
      "topic": "zigbee2mqtt/livinglab/device/0x00124b002a6b60a6",
      "value": {
        "battery": 100,
        "battery_low": false,
        "contact": true,
        "device": {
          "applicationVersion": 5,
          "dateCode": "20230630",
          "friendlyName": "Sensor-6-OLAF",
          "hardwareVersion": 1,
          "ieeeAddr": "0x00124b002a6b60a6",
          "manufacturerID": 0,
          "manufacturerName": "eWeLink",
          "model": "SNZB-04",
          "powerSource": "Battery",
          "type": "EndDevice",
          "zclVersion": 1
        },
        "linkquality": 109,
        "voltage": 3100
      },
      "payload": {
        "battery": 100,
        "battery_low": false,
        "contact": true,
        "device": {
          "applicationVersion": 5,
          "dateCode": "20230630",
          "friendlyName": "Sensor-6-OLAF",
          "hardwareVersion": 1,
          "ieeeAddr": "0x00124b002a6b60a6",
          "manufacturerID": 0,
          "manufacturerName": "eWeLink",
          "model": "SNZB-04",
          "powerSource": "Battery",
          "type": "EndDevice",
          "zclVersion": 1
        },
        "linkquality": 109,
        "voltage": 3100
      },
      "battery": 100,
      "voltage": 3100,
      "linkquality": 109,
      "contact": true,
      "battery_low": false
    },
    {
      "timestamp": "2025-05-01T15:03:47.908Z",
      "topic": "zigbee2mqtt/livinglab/device/0x00124b002a6b62b7",
      "value": {
        "battery": 100,
        "battery_low": false,
        "contact": false,
        "device": {
          "applicationVersion": 5,
          "dateCode": "20230630",
          "friendlyName": "Sensor-4-despacho",
          "hardwareVersion": 1,
          "ieeeAddr": "0x00124b002a6b62b7",
          "manufacturerID": 0,
          "manufacturerName": "eWeLink",
          "model": "SNZB-04",
          "powerSource": "Battery",
          "type": "EndDevice",
          "zclVersion": 1
        },
        "linkquality": 102,
        "voltage": 3100
      },
      "payload": {
        "battery": 100,
        "battery_low": false,
        "contact": false,
        "device": {
          "applicationVersion": 5,
          "dateCode": "20230630",
          "friendlyName": "Sensor-4-despacho",
          "hardwareVersion": 1,
          "ieeeAddr": "0x00124b002a6b62b7",
          "manufacturerID": 0,
          "manufacturerName": "eWeLink",
          "model": "SNZB-04",
          "powerSource": "Battery",
          "type": "EndDevice",
          "zclVersion": 1
        },
        "linkquality": 102,
        "voltage": 3100
      },
      "battery": 100,
      "voltage": 3100,
      "linkquality": 102,
      "contact": false,
      "battery_low": false
    },
    {
      "timestamp": "2025-05-01T15:03:48.605Z",
      "topic": "zigbee2mqtt/livinglab/device/0x00124b002a6b62b7",
      "value": {
        "battery": 100,
        "battery_low": false,
        "contact": true,
        "device": {
          "applicationVersion": 5,
          "dateCode": "20230630",
          "friendlyName": "Sensor-4-despacho",
          "hardwareVersion": 1,
          "ieeeAddr": "0x00124b002a6b62b7",
          "manufacturerID": 0,
          "manufacturerName": "eWeLink",
          "model": "SNZB-04",
          "powerSource": "Battery",
          "type": "EndDevice",
          "zclVersion": 1
        },
        "linkquality": 102,
        "voltage": 3100
      },
      "payload": {
        "battery": 100,
        "battery_low": false,
        "contact": true,
        "device": {
          "applicationVersion": 5,
          "dateCode": "20230630",
          "friendlyName": "Sensor-4-despacho",
          "hardwareVersion": 1,
          "ieeeAddr": "0x00124b002a6b62b7",
          "manufacturerID": 0,
          "manufacturerName": "eWeLink",
          "model": "SNZB-04",
          "powerSource": "Battery",
          "type": "EndDevice",
          "zclVersion": 1
        },
        "linkquality": 102,
        "voltage": 3100
      },
      "battery": 100,
      "voltage": 3100,
      "linkquality": 102,
      "contact": true,
      "battery_low": false
    },
    {
      "timestamp": "2025-05-01T15:03:55.660Z",
      "topic": "zigbee2mqtt/livinglab/device/0x00124b002a6b60a6",
      "value": {
        "battery": 100,
        "battery_low": false,
        "contact": false,
        "device": {
          "applicationVersion": 5,
          "dateCode": "20230630",
          "friendlyName": "Sensor-6-OLAF",
          "hardwareVersion": 1,
          "ieeeAddr": "0x00124b002a6b60a6",
          "manufacturerID": 0,
          "manufacturerName": "eWeLink",
          "model": "SNZB-04",
          "powerSource": "Battery",
          "type": "EndDevice",
          "zclVersion": 1
        },
        "linkquality": 109,
        "voltage": 3100
      },
      "payload": {
        "battery": 100,
        "battery_low": false,
        "contact": false,
        "device": {
          "applicationVersion": 5,
          "dateCode": "20230630",
          "friendlyName": "Sensor-6-OLAF",
          "hardwareVersion": 1,
          "ieeeAddr": "0x00124b002a6b60a6",
          "manufacturerID": 0,
          "manufacturerName": "eWeLink",
          "model": "SNZB-04",
          "powerSource": "Battery",
          "type": "EndDevice",
          "zclVersion": 1
        },
        "linkquality": 109,
        "voltage": 3100
      },
      "battery": 100,
      "voltage": 3100,
      "linkquality": 109,
      "contact": false,
      "battery_low": false
    },
    {
      "timestamp": "2025-05-01T15:03:56.868Z",
      "topic": "zigbee2mqtt/livinglab/device/0x00124b002a6b60a6",
      "value": {
        "battery": 100,
        "battery_low": false,
        "contact": true,
        "device": {
          "applicationVersion": 5,
          "dateCode": "20230630",
          "friendlyName": "Sensor-6-OLAF",
          "hardwareVersion": 1,
          "ieeeAddr": "0x00124b002a6b60a6",
          "manufacturerID": 0,
          "manufacturerName": "eWeLink",
          "model": "SNZB-04",
          "powerSource": "Battery",
          "type": "EndDevice",
          "zclVersion": 1
        },
        "linkquality": 109,
        "voltage": 3100
      },
      "payload": {
        "battery": 100,
        "battery_low": false,
        "contact": true,
        "device": {
          "applicationVersion": 5,
          "dateCode": "20230630",
          "friendlyName": "Sensor-6-OLAF",
          "hardwareVersion": 1,
          "ieeeAddr": "0x00124b002a6b60a6",
          "manufacturerID": 0,
          "manufacturerName": "eWeLink",
          "model": "SNZB-04",
          "powerSource": "Battery",
          "type": "EndDevice",
          "zclVersion": 1
        },
        "linkquality": 109,
        "voltage": 3100
      },
      "battery": 100,
      "voltage": 3100,
      "linkquality": 109,
      "contact": true,
      "battery_low": false
    },
    {
      "timestamp": "2025-05-01T15:04:46.830Z",
      "topic": "zigbee2mqtt/livinglab/device/0x00124b002a6b60a6",
      "value": {
        "battery": 100,
        "battery_low": false,
        "contact": false,
        "device": {
          "applicationVersion": 5,
          "dateCode": "20230630",
          "friendlyName": "Sensor-6-OLAF",
          "hardwareVersion": 1,
          "ieeeAddr": "0x00124b002a6b60a6",
          "manufacturerID": 0,
          "manufacturerName": "eWeLink",
          "model": "SNZB-04",
          "powerSource": "Battery",
          "type": "EndDevice",
          "zclVersion": 1
        },
        "linkquality": 109,
        "voltage": 3100
      },
      "payload": {
        "battery": 100,
        "battery_low": false,
        "contact": false,
        "device": {
          "applicationVersion": 5,
          "dateCode": "20230630",
          "friendlyName": "Sensor-6-OLAF",
          "hardwareVersion": 1,
          "ieeeAddr": "0x00124b002a6b60a6",
          "manufacturerID": 0,
          "manufacturerName": "eWeLink",
          "model": "SNZB-04",
          "powerSource": "Battery",
          "type": "EndDevice",
          "zclVersion": 1
        },
        "linkquality": 109,
        "voltage": 3100
      },
      "battery": 100,
      "voltage": 3100,
      "linkquality": 109,
      "contact": false,
      "battery_low": false
    },
    {
      "timestamp": "2025-05-01T15:04:47.894Z",
      "topic": "zigbee2mqtt/livinglab/device/0x00124b002a6b60a6",
      "value": {
        "battery": 100,
        "battery_low": false,
        "contact": true,
        "device": {
          "applicationVersion": 5,
          "dateCode": "20230630",
          "friendlyName": "Sensor-6-OLAF",
          "hardwareVersion": 1,
          "ieeeAddr": "0x00124b002a6b60a6",
          "manufacturerID": 0,
          "manufacturerName": "eWeLink",
          "model": "SNZB-04",
          "powerSource": "Battery",
          "type": "EndDevice",
          "zclVersion": 1
        },
        "linkquality": 109,
        "voltage": 3100
      },
      "payload": {
        "battery": 100,
        "battery_low": false,
        "contact": true,
        "device": {
          "applicationVersion": 5,
          "dateCode": "20230630",
          "friendlyName": "Sensor-6-OLAF",
          "hardwareVersion": 1,
          "ieeeAddr": "0x00124b002a6b60a6",
          "manufacturerID": 0,
          "manufacturerName": "eWeLink",
          "model": "SNZB-04",
          "powerSource": "Battery",
          "type": "EndDevice",
          "zclVersion": 1
        },
        "linkquality": 109,
        "voltage": 3100
      },
      "battery": 100,
      "voltage": 3100,
      "linkquality": 109,
      "contact": true,
      "battery_low": false
    },
    {
      "timestamp": "2025-05-01T15:04:52.968Z",
      "topic": "zigbee2mqtt/livinglab/device/0x00124b002a6b60a6",
      "value": {
        "battery": 100,
        "battery_low": false,
        "contact": false,
        "device": {
          "applicationVersion": 5,
          "dateCode": "20230630",
          "friendlyName": "Sensor-6-OLAF",
          "hardwareVersion": 1,
          "ieeeAddr": "0x00124b002a6b60a6",
          "manufacturerID": 0,
          "manufacturerName": "eWeLink",
          "model": "SNZB-04",
          "powerSource": "Battery",
          "type": "EndDevice",
          "zclVersion": 1
        },
        "linkquality": 109,
        "voltage": 3100
      },
      "payload": {
        "battery": 100,
        "battery_low": false,
        "contact": false,
        "device": {
          "applicationVersion": 5,
          "dateCode": "20230630",
          "friendlyName": "Sensor-6-OLAF",
          "hardwareVersion": 1,
          "ieeeAddr": "0x00124b002a6b60a6",
          "manufacturerID": 0,
          "manufacturerName": "eWeLink",
          "model": "SNZB-04",
          "powerSource": "Battery",
          "type": "EndDevice",
          "zclVersion": 1
        },
        "linkquality": 109,
        "voltage": 3100
      },
      "battery": 100,
      "voltage": 3100,
      "linkquality": 109,
      "contact": false,
      "battery_low": false
    },
    {
      "timestamp": "2025-05-01T15:04:56.098Z",
      "topic": "zigbee2mqtt/livinglab/device/0x00124b002a6b60a6",
      "value": {
        "battery": 100,
        "battery_low": false,
        "contact": true,
        "device": {
          "applicationVersion": 5,
          "dateCode": "20230630",
          "friendlyName": "Sensor-6-OLAF",
          "hardwareVersion": 1,
          "ieeeAddr": "0x00124b002a6b60a6",
          "manufacturerID": 0,
          "manufacturerName": "eWeLink",
          "model": "SNZB-04",
          "powerSource": "Battery",
          "type": "EndDevice",
          "zclVersion": 1
        },
        "linkquality": 109,
        "voltage": 3100
      },
      "payload": {
        "battery": 100,
        "battery_low": false,
        "contact": true,
        "device": {
          "applicationVersion": 5,
          "dateCode": "20230630",
          "friendlyName": "Sensor-6-OLAF",
          "hardwareVersion": 1,
          "ieeeAddr": "0x00124b002a6b60a6",
          "manufacturerID": 0,
          "manufacturerName": "eWeLink",
          "model": "SNZB-04",
          "powerSource": "Battery",
          "type": "EndDevice",
          "zclVersion": 1
        },
        "linkquality": 109,
        "voltage": 3100
      },
      "battery": 100,
      "voltage": 3100,
      "linkquality": 109,
      "contact": true,
      "battery_low": false
    },
    {
      "timestamp": "2025-05-01T15:04:57.936Z",
      "topic": "zigbee2mqtt/livinglab/device/0x00124b002a6b60a6",
      "value": {
        "battery": 100,
        "battery_low": false,
        "contact": false,
        "device": {
          "applicationVersion": 5,
          "dateCode": "20230630",
          "friendlyName": "Sensor-6-OLAF",
          "hardwareVersion": 1,
          "ieeeAddr": "0x00124b002a6b60a6",
          "manufacturerID": 0,
          "manufacturerName": "eWeLink",
          "model": "SNZB-04",
          "powerSource": "Battery",
          "type": "EndDevice",
          "zclVersion": 1
        },
        "linkquality": 109,
        "voltage": 3100
      },
      "payload": {
        "battery": 100,
        "battery_low": false,
        "contact": false,
        "device": {
          "applicationVersion": 5,
          "dateCode": "20230630",
          "friendlyName": "Sensor-6-OLAF",
          "hardwareVersion": 1,
          "ieeeAddr": "0x00124b002a6b60a6",
          "manufacturerID": 0,
          "manufacturerName": "eWeLink",
          "model": "SNZB-04",
          "powerSource": "Battery",
          "type": "EndDevice",
          "zclVersion": 1
        },
        "linkquality": 109,
        "voltage": 3100
      },
      "battery": 100,
      "voltage": 3100,
      "linkquality": 109,
      "contact": false,
      "battery_low": false
    },
    {
      "timestamp": "2025-05-01T15:05:01.302Z",
      "topic": "zigbee2mqtt/livinglab/device/0x00124b002a6b60a6",
      "value": {
        "battery": 100,
        "battery_low": false,
        "contact": true,
        "device": {
          "applicationVersion": 5,
          "dateCode": "20230630",
          "friendlyName": "Sensor-6-OLAF",
          "hardwareVersion": 1,
          "ieeeAddr": "0x00124b002a6b60a6",
          "manufacturerID": 0,
          "manufacturerName": "eWeLink",
          "model": "SNZB-04",
          "powerSource": "Battery",
          "type": "EndDevice",
          "zclVersion": 1
        },
        "linkquality": 109,
        "voltage": 3100
      },
      "payload": {
        "battery": 100,
        "battery_low": false,
        "contact": true,
        "device": {
          "applicationVersion": 5,
          "dateCode": "20230630",
          "friendlyName": "Sensor-6-OLAF",
          "hardwareVersion": 1,
          "ieeeAddr": "0x00124b002a6b60a6",
          "manufacturerID": 0,
          "manufacturerName": "eWeLink",
          "model": "SNZB-04",
          "powerSource": "Battery",
          "type": "EndDevice",
          "zclVersion": 1
        },
        "linkquality": 109,
        "voltage": 3100
      },
      "battery": 100,
      "voltage": 3100,
      "linkquality": 109,
      "contact": true,
      "battery_low": false
    },
    {
      "timestamp": "2025-05-01T15:05:03.154Z",
      "topic": "zigbee2mqtt/livinglab/device/0x00124b002a6b60a6",
      "value": {
        "battery": 100,
        "battery_low": false,
        "contact": false,
        "device": {
          "applicationVersion": 5,
          "dateCode": "20230630",
          "friendlyName": "Sensor-6-OLAF",
          "hardwareVersion": 1,
          "ieeeAddr": "0x00124b002a6b60a6",
          "manufacturerID": 0,
          "manufacturerName": "eWeLink",
          "model": "SNZB-04",
          "powerSource": "Battery",
          "type": "EndDevice",
          "zclVersion": 1
        },
        "linkquality": 109,
        "voltage": 3100
      },
      "payload": {
        "battery": 100,
        "battery_low": false,
        "contact": false,
        "device": {
          "applicationVersion": 5,
          "dateCode": "20230630",
          "friendlyName": "Sensor-6-OLAF",
          "hardwareVersion": 1,
          "ieeeAddr": "0x00124b002a6b60a6",
          "manufacturerID": 0,
          "manufacturerName": "eWeLink",
          "model": "SNZB-04",
          "powerSource": "Battery",
          "type": "EndDevice",
          "zclVersion": 1
        },
        "linkquality": 109,
        "voltage": 3100
      },
      "battery": 100,
      "voltage": 3100,
      "linkquality": 109,
      "contact": false,
      "battery_low": false
    },
    {
      "timestamp": "2025-05-01T15:05:04.080Z",
      "topic": "zigbee2mqtt/livinglab/device/0x00124b002a6b60a6",
      "value": {
        "battery": 100,
        "battery_low": false,
        "contact": true,
        "device": {
          "applicationVersion": 5,
          "dateCode": "20230630",
          "friendlyName": "Sensor-6-OLAF",
          "hardwareVersion": 1,
          "ieeeAddr": "0x00124b002a6b60a6",
          "manufacturerID": 0,
          "manufacturerName": "eWeLink",
          "model": "SNZB-04",
          "powerSource": "Battery",
          "type": "EndDevice",
          "zclVersion": 1
        },
        "linkquality": 109,
        "voltage": 3100
      },
      "payload": {
        "battery": 100,
        "battery_low": false,
        "contact": true,
        "device": {
          "applicationVersion": 5,
          "dateCode": "20230630",
          "friendlyName": "Sensor-6-OLAF",
          "hardwareVersion": 1,
          "ieeeAddr": "0x00124b002a6b60a6",
          "manufacturerID": 0,
          "manufacturerName": "eWeLink",
          "model": "SNZB-04",
          "powerSource": "Battery",
          "type": "EndDevice",
          "zclVersion": 1
        },
        "linkquality": 109,
        "voltage": 3100
      },
      "battery": 100,
      "voltage": 3100,
      "linkquality": 109,
      "contact": true,
      "battery_low": false
    },
    {
      "timestamp": "2025-05-01T15:05:09.245Z",
      "topic": "zigbee2mqtt/livinglab/device/0x00124b002a6b60a6",
      "value": {
        "battery": 100,
        "battery_low": false,
        "contact": false,
        "device": {
          "applicationVersion": 5,
          "dateCode": "20230630",
          "friendlyName": "Sensor-6-OLAF",
          "hardwareVersion": 1,
          "ieeeAddr": "0x00124b002a6b60a6",
          "manufacturerID": 0,
          "manufacturerName": "eWeLink",
          "model": "SNZB-04",
          "powerSource": "Battery",
          "type": "EndDevice",
          "zclVersion": 1
        },
        "linkquality": 109,
        "voltage": 3100
      },
      "payload": {
        "battery": 100,
        "battery_low": false,
        "contact": false,
        "device": {
          "applicationVersion": 5,
          "dateCode": "20230630",
          "friendlyName": "Sensor-6-OLAF",
          "hardwareVersion": 1,
          "ieeeAddr": "0x00124b002a6b60a6",
          "manufacturerID": 0,
          "manufacturerName": "eWeLink",
          "model": "SNZB-04",
          "powerSource": "Battery",
          "type": "EndDevice",
          "zclVersion": 1
        },
        "linkquality": 109,
        "voltage": 3100
      },
      "battery": 100,
      "voltage": 3100,
      "linkquality": 109,
      "contact": false,
      "battery_low": false
    },
    {
      "timestamp": "2025-05-01T15:05:09.649Z",
      "topic": "zigbee2mqtt/livinglab/device/0x00124b002a6b60a6",
      "value": {
        "battery": 100,
        "battery_low": false,
        "contact": true,
        "device": {
          "applicationVersion": 5,
          "dateCode": "20230630",
          "friendlyName": "Sensor-6-OLAF",
          "hardwareVersion": 1,
          "ieeeAddr": "0x00124b002a6b60a6",
          "manufacturerID": 0,
          "manufacturerName": "eWeLink",
          "model": "SNZB-04",
          "powerSource": "Battery",
          "type": "EndDevice",
          "zclVersion": 1
        },
        "linkquality": 109,
        "voltage": 3100
      },
      "payload": {
        "battery": 100,
        "battery_low": false,
        "contact": true,
        "device": {
          "applicationVersion": 5,
          "dateCode": "20230630",
          "friendlyName": "Sensor-6-OLAF",
          "hardwareVersion": 1,
          "ieeeAddr": "0x00124b002a6b60a6",
          "manufacturerID": 0,
          "manufacturerName": "eWeLink",
          "model": "SNZB-04",
          "powerSource": "Battery",
          "type": "EndDevice",
          "zclVersion": 1
        },
        "linkquality": 109,
        "voltage": 3100
      },
      "battery": 100,
      "voltage": 3100,
      "linkquality": 109,
      "contact": true,
      "battery_low": false
    },
    {
      "timestamp": "2025-05-01T15:05:39.015Z",
      "topic": "zigbee2mqtt/livinglab/device/0x00124b002a6b60a6",
      "value": {
        "battery": 100,
        "battery_low": false,
        "contact": false,
        "device": {
          "applicationVersion": 5,
          "dateCode": "20230630",
          "friendlyName": "Sensor-6-OLAF",
          "hardwareVersion": 1,
          "ieeeAddr": "0x00124b002a6b60a6",
          "manufacturerID": 0,
          "manufacturerName": "eWeLink",
          "model": "SNZB-04",
          "powerSource": "Battery",
          "type": "EndDevice",
          "zclVersion": 1
        },
        "linkquality": 109,
        "voltage": 3100
      },
      "payload": {
        "battery": 100,
        "battery_low": false,
        "contact": false,
        "device": {
          "applicationVersion": 5,
          "dateCode": "20230630",
          "friendlyName": "Sensor-6-OLAF",
          "hardwareVersion": 1,
          "ieeeAddr": "0x00124b002a6b60a6",
          "manufacturerID": 0,
          "manufacturerName": "eWeLink",
          "model": "SNZB-04",
          "powerSource": "Battery",
          "type": "EndDevice",
          "zclVersion": 1
        },
        "linkquality": 109,
        "voltage": 3100
      },
      "battery": 100,
      "voltage": 3100,
      "linkquality": 109,
      "contact": false,
      "battery_low": false
    },
    {
      "timestamp": "2025-05-01T15:05:41.406Z",
      "topic": "zigbee2mqtt/livinglab/device/0x00124b002a6b62b7",
      "value": {
        "battery": 100,
        "battery_low": false,
        "contact": false,
        "device": {
          "applicationVersion": 5,
          "dateCode": "20230630",
          "friendlyName": "Sensor-4-despacho",
          "hardwareVersion": 1,
          "ieeeAddr": "0x00124b002a6b62b7",
          "manufacturerID": 0,
          "manufacturerName": "eWeLink",
          "model": "SNZB-04",
          "powerSource": "Battery",
          "type": "EndDevice",
          "zclVersion": 1
        },
        "linkquality": 102,
        "voltage": 3100
      },
      "payload": {
        "battery": 100,
        "battery_low": false,
        "contact": false,
        "device": {
          "applicationVersion": 5,
          "dateCode": "20230630",
          "friendlyName": "Sensor-4-despacho",
          "hardwareVersion": 1,
          "ieeeAddr": "0x00124b002a6b62b7",
          "manufacturerID": 0,
          "manufacturerName": "eWeLink",
          "model": "SNZB-04",
          "powerSource": "Battery",
          "type": "EndDevice",
          "zclVersion": 1
        },
        "linkquality": 102,
        "voltage": 3100
      },
      "battery": 100,
      "voltage": 3100,
      "linkquality": 102,
      "contact": false,
      "battery_low": false
    },
    {
      "timestamp": "2025-05-01T15:05:43.745Z",
      "topic": "zigbee2mqtt/livinglab/device/0x00124b002a6b62b7",
      "value": {
        "battery": 100,
        "battery_low": false,
        "contact": true,
        "device": {
          "applicationVersion": 5,
          "dateCode": "20230630",
          "friendlyName": "Sensor-4-despacho",
          "hardwareVersion": 1,
          "ieeeAddr": "0x00124b002a6b62b7",
          "manufacturerID": 0,
          "manufacturerName": "eWeLink",
          "model": "SNZB-04",
          "powerSource": "Battery",
          "type": "EndDevice",
          "zclVersion": 1
        },
        "linkquality": 102,
        "voltage": 3100
      },
      "payload": {
        "battery": 100,
        "battery_low": false,
        "contact": true,
        "device": {
          "applicationVersion": 5,
          "dateCode": "20230630",
          "friendlyName": "Sensor-4-despacho",
          "hardwareVersion": 1,
          "ieeeAddr": "0x00124b002a6b62b7",
          "manufacturerID": 0,
          "manufacturerName": "eWeLink",
          "model": "SNZB-04",
          "powerSource": "Battery",
          "type": "EndDevice",
          "zclVersion": 1
        },
        "linkquality": 102,
        "voltage": 3100
      },
      "battery": 100,
      "voltage": 3100,
      "linkquality": 102,
      "contact": true,
      "battery_low": false
    },
    {
      "timestamp": "2025-05-01T15:05:44.110Z",
      "topic": "zigbee2mqtt/livinglab/device/0x00124b002a6b60a6",
      "value": {
        "battery": 100,
        "battery_low": false,
        "contact": true,
        "device": {
          "applicationVersion": 5,
          "dateCode": "20230630",
          "friendlyName": "Sensor-6-OLAF",
          "hardwareVersion": 1,
          "ieeeAddr": "0x00124b002a6b60a6",
          "manufacturerID": 0,
          "manufacturerName": "eWeLink",
          "model": "SNZB-04",
          "powerSource": "Battery",
          "type": "EndDevice",
          "zclVersion": 1
        },
        "linkquality": 109,
        "voltage": 3100
      },
      "payload": {
        "battery": 100,
        "battery_low": false,
        "contact": true,
        "device": {
          "applicationVersion": 5,
          "dateCode": "20230630",
          "friendlyName": "Sensor-6-OLAF",
          "hardwareVersion": 1,
          "ieeeAddr": "0x00124b002a6b60a6",
          "manufacturerID": 0,
          "manufacturerName": "eWeLink",
          "model": "SNZB-04",
          "powerSource": "Battery",
          "type": "EndDevice",
          "zclVersion": 1
        },
        "linkquality": 109,
        "voltage": 3100
      },
      "battery": 100,
      "voltage": 3100,
      "linkquality": 109,
      "contact": true,
      "battery_low": false
    },
    {
      "timestamp": "2025-05-01T15:05:45.104Z",
      "topic": "zigbee2mqtt/livinglab/device/0x00124b002a6b60a6",
      "value": {
        "battery": 100,
        "battery_low": false,
        "contact": false,
        "device": {
          "applicationVersion": 5,
          "dateCode": "20230630",
          "friendlyName": "Sensor-6-OLAF",
          "hardwareVersion": 1,
          "ieeeAddr": "0x00124b002a6b60a6",
          "manufacturerID": 0,
          "manufacturerName": "eWeLink",
          "model": "SNZB-04",
          "powerSource": "Battery",
          "type": "EndDevice",
          "zclVersion": 1
        },
        "linkquality": 109,
        "voltage": 3100
      },
      "payload": {
        "battery": 100,
        "battery_low": false,
        "contact": false,
        "device": {
          "applicationVersion": 5,
          "dateCode": "20230630",
          "friendlyName": "Sensor-6-OLAF",
          "hardwareVersion": 1,
          "ieeeAddr": "0x00124b002a6b60a6",
          "manufacturerID": 0,
          "manufacturerName": "eWeLink",
          "model": "SNZB-04",
          "powerSource": "Battery",
          "type": "EndDevice",
          "zclVersion": 1
        },
        "linkquality": 109,
        "voltage": 3100
      },
      "battery": 100,
      "voltage": 3100,
      "linkquality": 109,
      "contact": false,
      "battery_low": false
    },
    {
      "timestamp": "2025-05-01T15:05:59.500Z",
      "topic": "zigbee2mqtt/livinglab/device/0x00124b002a6b60a6",
      "value": {
        "battery": 100,
        "battery_low": false,
        "contact": true,
        "device": {
          "applicationVersion": 5,
          "dateCode": "20230630",
          "friendlyName": "Sensor-6-OLAF",
          "hardwareVersion": 1,
          "ieeeAddr": "0x00124b002a6b60a6",
          "manufacturerID": 0,
          "manufacturerName": "eWeLink",
          "model": "SNZB-04",
          "powerSource": "Battery",
          "type": "EndDevice",
          "zclVersion": 1
        },
        "linkquality": 109,
        "voltage": 3100
      },
      "payload": {
        "battery": 100,
        "battery_low": false,
        "contact": true,
        "device": {
          "applicationVersion": 5,
          "dateCode": "20230630",
          "friendlyName": "Sensor-6-OLAF",
          "hardwareVersion": 1,
          "ieeeAddr": "0x00124b002a6b60a6",
          "manufacturerID": 0,
          "manufacturerName": "eWeLink",
          "model": "SNZB-04",
          "powerSource": "Battery",
          "type": "EndDevice",
          "zclVersion": 1
        },
        "linkquality": 109,
        "voltage": 3100
      },
      "battery": 100,
      "voltage": 3100,
      "linkquality": 109,
      "contact": true,
      "battery_low": false
    },
    {
      "timestamp": "2025-05-01T15:06:00.611Z",
      "topic": "zigbee2mqtt/livinglab/device/0x00124b002a6b60a6",
      "value": {
        "battery": 100,
        "battery_low": false,
        "contact": false,
        "device": {
          "applicationVersion": 5,
          "dateCode": "20230630",
          "friendlyName": "Sensor-6-OLAF",
          "hardwareVersion": 1,
          "ieeeAddr": "0x00124b002a6b60a6",
          "manufacturerID": 0,
          "manufacturerName": "eWeLink",
          "model": "SNZB-04",
          "powerSource": "Battery",
          "type": "EndDevice",
          "zclVersion": 1
        },
        "linkquality": 109,
        "voltage": 3100
      },
      "payload": {
        "battery": 100,
        "battery_low": false,
        "contact": false,
        "device": {
          "applicationVersion": 5,
          "dateCode": "20230630",
          "friendlyName": "Sensor-6-OLAF",
          "hardwareVersion": 1,
          "ieeeAddr": "0x00124b002a6b60a6",
          "manufacturerID": 0,
          "manufacturerName": "eWeLink",
          "model": "SNZB-04",
          "powerSource": "Battery",
          "type": "EndDevice",
          "zclVersion": 1
        },
        "linkquality": 109,
        "voltage": 3100
      },
      "battery": 100,
      "voltage": 3100,
      "linkquality": 109,
      "contact": false,
      "battery_low": false
    },
    {
      "timestamp": "2025-05-01T15:06:02.344Z",
      "topic": "zigbee2mqtt/livinglab/device/0x00124b002a6b62b7",
      "value": {
        "battery": 100,
        "battery_low": false,
        "contact": true,
        "device": {
          "applicationVersion": 5,
          "dateCode": "20230630",
          "friendlyName": "Sensor-4-despacho",
          "hardwareVersion": 1,
          "ieeeAddr": "0x00124b002a6b62b7",
          "manufacturerID": 0,
          "manufacturerName": "eWeLink",
          "model": "SNZB-04",
          "powerSource": "Battery",
          "type": "EndDevice",
          "zclVersion": 1
        },
        "linkquality": 102,
        "voltage": 3100
      },
      "payload": {
        "battery": 100,
        "battery_low": false,
        "contact": true,
        "device": {
          "applicationVersion": 5,
          "dateCode": "20230630",
          "friendlyName": "Sensor-4-despacho",
          "hardwareVersion": 1,
          "ieeeAddr": "0x00124b002a6b62b7",
          "manufacturerID": 0,
          "manufacturerName": "eWeLink",
          "model": "SNZB-04",
          "powerSource": "Battery",
          "type": "EndDevice",
          "zclVersion": 1
        },
        "linkquality": 102,
        "voltage": 3100
      },
      "battery": 100,
      "voltage": 3100,
      "linkquality": 102,
      "contact": true,
      "battery_low": false
    },
    {
      "timestamp": "2025-05-01T15:06:04.162Z",
      "topic": "zigbee2mqtt/livinglab/device/0x00124b002a6b60a6",
      "value": {
        "battery": 100,
        "battery_low": false,
        "contact": true,
        "device": {
          "applicationVersion": 5,
          "dateCode": "20230630",
          "friendlyName": "Sensor-6-OLAF",
          "hardwareVersion": 1,
          "ieeeAddr": "0x00124b002a6b60a6",
          "manufacturerID": 0,
          "manufacturerName": "eWeLink",
          "model": "SNZB-04",
          "powerSource": "Battery",
          "type": "EndDevice",
          "zclVersion": 1
        },
        "linkquality": 109,
        "voltage": 3100
      },
      "payload": {
        "battery": 100,
        "battery_low": false,
        "contact": true,
        "device": {
          "applicationVersion": 5,
          "dateCode": "20230630",
          "friendlyName": "Sensor-6-OLAF",
          "hardwareVersion": 1,
          "ieeeAddr": "0x00124b002a6b60a6",
          "manufacturerID": 0,
          "manufacturerName": "eWeLink",
          "model": "SNZB-04",
          "powerSource": "Battery",
          "type": "EndDevice",
          "zclVersion": 1
        },
        "linkquality": 109,
        "voltage": 3100
      },
      "battery": 100,
      "voltage": 3100,
      "linkquality": 109,
      "contact": true,
      "battery_low": false
    },
    {
      "timestamp": "2025-05-01T15:06:07.163Z",
      "topic": "zigbee2mqtt/livinglab/device/0x00124b002a6b62b7",
      "value": {
        "battery": 100,
        "battery_low": false,
        "contact": false,
        "device": {
          "applicationVersion": 5,
          "dateCode": "20230630",
          "friendlyName": "Sensor-4-despacho",
          "hardwareVersion": 1,
          "ieeeAddr": "0x00124b002a6b62b7",
          "manufacturerID": 0,
          "manufacturerName": "eWeLink",
          "model": "SNZB-04",
          "powerSource": "Battery",
          "type": "EndDevice",
          "zclVersion": 1
        },
        "linkquality": 102,
        "voltage": 3100
      },
      "payload": {
        "battery": 100,
        "battery_low": false,
        "contact": false,
        "device": {
          "applicationVersion": 5,
          "dateCode": "20230630",
          "friendlyName": "Sensor-4-despacho",
          "hardwareVersion": 1,
          "ieeeAddr": "0x00124b002a6b62b7",
          "manufacturerID": 0,
          "manufacturerName": "eWeLink",
          "model": "SNZB-04",
          "powerSource": "Battery",
          "type": "EndDevice",
          "zclVersion": 1
        },
        "linkquality": 102,
        "voltage": 3100
      },
      "battery": 100,
      "voltage": 3100,
      "linkquality": 102,
      "contact": false,
      "battery_low": false
    },
    {
      "timestamp": "2025-05-01T15:06:08.224Z",
      "topic": "zigbee2mqtt/livinglab/device/0x00124b002a6b62b7",
      "value": {
        "battery": 100,
        "battery_low": false,
        "contact": true,
        "device": {
          "applicationVersion": 5,
          "dateCode": "20230630",
          "friendlyName": "Sensor-4-despacho",
          "hardwareVersion": 1,
          "ieeeAddr": "0x00124b002a6b62b7",
          "manufacturerID": 0,
          "manufacturerName": "eWeLink",
          "model": "SNZB-04",
          "powerSource": "Battery",
          "type": "EndDevice",
          "zclVersion": 1
        },
        "linkquality": 102,
        "voltage": 3100
      },
      "payload": {
        "battery": 100,
        "battery_low": false,
        "contact": true,
        "device": {
          "applicationVersion": 5,
          "dateCode": "20230630",
          "friendlyName": "Sensor-4-despacho",
          "hardwareVersion": 1,
          "ieeeAddr": "0x00124b002a6b62b7",
          "manufacturerID": 0,
          "manufacturerName": "eWeLink",
          "model": "SNZB-04",
          "powerSource": "Battery",
          "type": "EndDevice",
          "zclVersion": 1
        },
        "linkquality": 102,
        "voltage": 3100
      },
      "battery": 100,
      "voltage": 3100,
      "linkquality": 102,
      "contact": true,
      "battery_low": false
    },
    {
      "timestamp": "2025-05-01T15:06:13.352Z",
      "topic": "zigbee2mqtt/livinglab/device/0x00124b002a6b60a6",
      "value": {
        "battery": 100,
        "battery_low": false,
        "contact": false,
        "device": {
          "applicationVersion": 5,
          "dateCode": "20230630",
          "friendlyName": "Sensor-6-OLAF",
          "hardwareVersion": 1,
          "ieeeAddr": "0x00124b002a6b60a6",
          "manufacturerID": 0,
          "manufacturerName": "eWeLink",
          "model": "SNZB-04",
          "powerSource": "Battery",
          "type": "EndDevice",
          "zclVersion": 1
        },
        "linkquality": 109,
        "voltage": 3100
      },
      "payload": {
        "battery": 100,
        "battery_low": false,
        "contact": false,
        "device": {
          "applicationVersion": 5,
          "dateCode": "20230630",
          "friendlyName": "Sensor-6-OLAF",
          "hardwareVersion": 1,
          "ieeeAddr": "0x00124b002a6b60a6",
          "manufacturerID": 0,
          "manufacturerName": "eWeLink",
          "model": "SNZB-04",
          "powerSource": "Battery",
          "type": "EndDevice",
          "zclVersion": 1
        },
        "linkquality": 109,
        "voltage": 3100
      },
      "battery": 100,
      "voltage": 3100,
      "linkquality": 109,
      "contact": false,
      "battery_low": false
    },
    {
      "timestamp": "2025-05-01T15:06:13.880Z",
      "topic": "zigbee2mqtt/livinglab/device/0x00124b002a6b60a6",
      "value": {
        "battery": 100,
        "battery_low": false,
        "contact": true,
        "device": {
          "applicationVersion": 5,
          "dateCode": "20230630",
          "friendlyName": "Sensor-6-OLAF",
          "hardwareVersion": 1,
          "ieeeAddr": "0x00124b002a6b60a6",
          "manufacturerID": 0,
          "manufacturerName": "eWeLink",
          "model": "SNZB-04",
          "powerSource": "Battery",
          "type": "EndDevice",
          "zclVersion": 1
        },
        "linkquality": 109,
        "voltage": 3100
      },
      "payload": {
        "battery": 100,
        "battery_low": false,
        "contact": true,
        "device": {
          "applicationVersion": 5,
          "dateCode": "20230630",
          "friendlyName": "Sensor-6-OLAF",
          "hardwareVersion": 1,
          "ieeeAddr": "0x00124b002a6b60a6",
          "manufacturerID": 0,
          "manufacturerName": "eWeLink",
          "model": "SNZB-04",
          "powerSource": "Battery",
          "type": "EndDevice",
          "zclVersion": 1
        },
        "linkquality": 109,
        "voltage": 3100
      },
      "battery": 100,
      "voltage": 3100,
      "linkquality": 109,
      "contact": true,
      "battery_low": false
    },
    {
      "timestamp": "2025-05-01T15:06:16.219Z",
      "topic": "zigbee2mqtt/livinglab/device/0x00124b002a6b60a6",
      "value": {
        "battery": 100,
        "battery_low": false,
        "contact": false,
        "device": {
          "applicationVersion": 5,
          "dateCode": "20230630",
          "friendlyName": "Sensor-6-OLAF",
          "hardwareVersion": 1,
          "ieeeAddr": "0x00124b002a6b60a6",
          "manufacturerID": 0,
          "manufacturerName": "eWeLink",
          "model": "SNZB-04",
          "powerSource": "Battery",
          "type": "EndDevice",
          "zclVersion": 1
        },
        "linkquality": 109,
        "voltage": 3100
      },
      "payload": {
        "battery": 100,
        "battery_low": false,
        "contact": false,
        "device": {
          "applicationVersion": 5,
          "dateCode": "20230630",
          "friendlyName": "Sensor-6-OLAF",
          "hardwareVersion": 1,
          "ieeeAddr": "0x00124b002a6b60a6",
          "manufacturerID": 0,
          "manufacturerName": "eWeLink",
          "model": "SNZB-04",
          "powerSource": "Battery",
          "type": "EndDevice",
          "zclVersion": 1
        },
        "linkquality": 109,
        "voltage": 3100
      },
      "battery": 100,
      "voltage": 3100,
      "linkquality": 109,
      "contact": false,
      "battery_low": false
    },
    {
      "timestamp": "2025-05-01T15:06:29.054Z",
      "topic": "zigbee2mqtt/livinglab/device/0x00124b002a6b60a6",
      "value": {
        "battery": 100,
        "battery_low": false,
        "contact": true,
        "device": {
          "applicationVersion": 5,
          "dateCode": "20230630",
          "friendlyName": "Sensor-6-OLAF",
          "hardwareVersion": 1,
          "ieeeAddr": "0x00124b002a6b60a6",
          "manufacturerID": 0,
          "manufacturerName": "eWeLink",
          "model": "SNZB-04",
          "powerSource": "Battery",
          "type": "EndDevice",
          "zclVersion": 1
        },
        "linkquality": 109,
        "voltage": 3100
      },
      "payload": {
        "battery": 100,
        "battery_low": false,
        "contact": true,
        "device": {
          "applicationVersion": 5,
          "dateCode": "20230630",
          "friendlyName": "Sensor-6-OLAF",
          "hardwareVersion": 1,
          "ieeeAddr": "0x00124b002a6b60a6",
          "manufacturerID": 0,
          "manufacturerName": "eWeLink",
          "model": "SNZB-04",
          "powerSource": "Battery",
          "type": "EndDevice",
          "zclVersion": 1
        },
        "linkquality": 109,
        "voltage": 3100
      },
      "battery": 100,
      "voltage": 3100,
      "linkquality": 109,
      "contact": true,
      "battery_low": false
    },
    {
      "timestamp": "2025-05-01T15:06:43.526Z",
      "topic": "zigbee2mqtt/livinglab/device/0x00124b002a6b62b7",
      "value": {
        "battery": 100,
        "battery_low": false,
        "contact": false,
        "device": {
          "applicationVersion": 5,
          "dateCode": "20230630",
          "friendlyName": "Sensor-4-despacho",
          "hardwareVersion": 1,
          "ieeeAddr": "0x00124b002a6b62b7",
          "manufacturerID": 0,
          "manufacturerName": "eWeLink",
          "model": "SNZB-04",
          "powerSource": "Battery",
          "type": "EndDevice",
          "zclVersion": 1
        },
        "linkquality": 102,
        "voltage": 3100
      },
      "payload": {
        "battery": 100,
        "battery_low": false,
        "contact": false,
        "device": {
          "applicationVersion": 5,
          "dateCode": "20230630",
          "friendlyName": "Sensor-4-despacho",
          "hardwareVersion": 1,
          "ieeeAddr": "0x00124b002a6b62b7",
          "manufacturerID": 0,
          "manufacturerName": "eWeLink",
          "model": "SNZB-04",
          "powerSource": "Battery",
          "type": "EndDevice",
          "zclVersion": 1
        },
        "linkquality": 102,
        "voltage": 3100
      },
      "battery": 100,
      "voltage": 3100,
      "linkquality": 102,
      "contact": false,
      "battery_low": false
    },
    {
      "timestamp": "2025-05-01T15:06:44.225Z",
      "topic": "zigbee2mqtt/livinglab/device/0x00124b002a6b62b7",
      "value": {
        "battery": 100,
        "battery_low": false,
        "contact": true,
        "device": {
          "applicationVersion": 5,
          "dateCode": "20230630",
          "friendlyName": "Sensor-4-despacho",
          "hardwareVersion": 1,
          "ieeeAddr": "0x00124b002a6b62b7",
          "manufacturerID": 0,
          "manufacturerName": "eWeLink",
          "model": "SNZB-04",
          "powerSource": "Battery",
          "type": "EndDevice",
          "zclVersion": 1
        },
        "linkquality": 102,
        "voltage": 3100
      },
      "payload": {
        "battery": 100,
        "battery_low": false,
        "contact": true,
        "device": {
          "applicationVersion": 5,
          "dateCode": "20230630",
          "friendlyName": "Sensor-4-despacho",
          "hardwareVersion": 1,
          "ieeeAddr": "0x00124b002a6b62b7",
          "manufacturerID": 0,
          "manufacturerName": "eWeLink",
          "model": "SNZB-04",
          "powerSource": "Battery",
          "type": "EndDevice",
          "zclVersion": 1
        },
        "linkquality": 102,
        "voltage": 3100
      },
      "battery": 100,
      "voltage": 3100,
      "linkquality": 102,
      "contact": true,
      "battery_low": false
    },
    {
      "timestamp": "2025-05-01T15:06:47.011Z",
      "topic": "zigbee2mqtt/livinglab/device/0x00124b002a6b60a6",
      "value": {
        "battery": 100,
        "battery_low": false,
        "contact": false,
        "device": {
          "applicationVersion": 5,
          "dateCode": "20230630",
          "friendlyName": "Sensor-6-OLAF",
          "hardwareVersion": 1,
          "ieeeAddr": "0x00124b002a6b60a6",
          "manufacturerID": 0,
          "manufacturerName": "eWeLink",
          "model": "SNZB-04",
          "powerSource": "Battery",
          "type": "EndDevice",
          "zclVersion": 1
        },
        "linkquality": 109,
        "voltage": 3100
      },
      "payload": {
        "battery": 100,
        "battery_low": false,
        "contact": false,
        "device": {
          "applicationVersion": 5,
          "dateCode": "20230630",
          "friendlyName": "Sensor-6-OLAF",
          "hardwareVersion": 1,
          "ieeeAddr": "0x00124b002a6b60a6",
          "manufacturerID": 0,
          "manufacturerName": "eWeLink",
          "model": "SNZB-04",
          "powerSource": "Battery",
          "type": "EndDevice",
          "zclVersion": 1
        },
        "linkquality": 109,
        "voltage": 3100
      },
      "battery": 100,
      "voltage": 3100,
      "linkquality": 109,
      "contact": false,
      "battery_low": false
    },
    {
      "timestamp": "2025-05-01T15:06:47.607Z",
      "topic": "zigbee2mqtt/livinglab/device/0x00124b002a6b60a6",
      "value": {
        "battery": 100,
        "battery_low": false,
        "contact": true,
        "device": {
          "applicationVersion": 5,
          "dateCode": "20230630",
          "friendlyName": "Sensor-6-OLAF",
          "hardwareVersion": 1,
          "ieeeAddr": "0x00124b002a6b60a6",
          "manufacturerID": 0,
          "manufacturerName": "eWeLink",
          "model": "SNZB-04",
          "powerSource": "Battery",
          "type": "EndDevice",
          "zclVersion": 1
        },
        "linkquality": 109,
        "voltage": 3100
      },
      "payload": {
        "battery": 100,
        "battery_low": false,
        "contact": true,
        "device": {
          "applicationVersion": 5,
          "dateCode": "20230630",
          "friendlyName": "Sensor-6-OLAF",
          "hardwareVersion": 1,
          "ieeeAddr": "0x00124b002a6b60a6",
          "manufacturerID": 0,
          "manufacturerName": "eWeLink",
          "model": "SNZB-04",
          "powerSource": "Battery",
          "type": "EndDevice",
          "zclVersion": 1
        },
        "linkquality": 109,
        "voltage": 3100
      },
      "battery": 100,
      "voltage": 3100,
      "linkquality": 109,
      "contact": true,
      "battery_low": false
    },
    {
      "timestamp": "2025-05-01T15:06:52.799Z",
      "topic": "zigbee2mqtt/livinglab/device/0x00124b002a6b62b7",
      "value": {
        "battery": 100,
        "battery_low": false,
        "contact": false,
        "device": {
          "applicationVersion": 5,
          "dateCode": "20230630",
          "friendlyName": "Sensor-4-despacho",
          "hardwareVersion": 1,
          "ieeeAddr": "0x00124b002a6b62b7",
          "manufacturerID": 0,
          "manufacturerName": "eWeLink",
          "model": "SNZB-04",
          "powerSource": "Battery",
          "type": "EndDevice",
          "zclVersion": 1
        },
        "linkquality": 102,
        "voltage": 3100
      },
      "payload": {
        "battery": 100,
        "battery_low": false,
        "contact": false,
        "device": {
          "applicationVersion": 5,
          "dateCode": "20230630",
          "friendlyName": "Sensor-4-despacho",
          "hardwareVersion": 1,
          "ieeeAddr": "0x00124b002a6b62b7",
          "manufacturerID": 0,
          "manufacturerName": "eWeLink",
          "model": "SNZB-04",
          "powerSource": "Battery",
          "type": "EndDevice",
          "zclVersion": 1
        },
        "linkquality": 102,
        "voltage": 3100
      },
      "battery": 100,
      "voltage": 3100,
      "linkquality": 102,
      "contact": false,
      "battery_low": false
    },
    {
      "timestamp": "2025-05-01T15:06:53.527Z",
      "topic": "zigbee2mqtt/livinglab/device/0x00124b002a6b62b7",
      "value": {
        "battery": 100,
        "battery_low": false,
        "contact": true,
        "device": {
          "applicationVersion": 5,
          "dateCode": "20230630",
          "friendlyName": "Sensor-4-despacho",
          "hardwareVersion": 1,
          "ieeeAddr": "0x00124b002a6b62b7",
          "manufacturerID": 0,
          "manufacturerName": "eWeLink",
          "model": "SNZB-04",
          "powerSource": "Battery",
          "type": "EndDevice",
          "zclVersion": 1
        },
        "linkquality": 102,
        "voltage": 3100
      },
      "payload": {
        "battery": 100,
        "battery_low": false,
        "contact": true,
        "device": {
          "applicationVersion": 5,
          "dateCode": "20230630",
          "friendlyName": "Sensor-4-despacho",
          "hardwareVersion": 1,
          "ieeeAddr": "0x00124b002a6b62b7",
          "manufacturerID": 0,
          "manufacturerName": "eWeLink",
          "model": "SNZB-04",
          "powerSource": "Battery",
          "type": "EndDevice",
          "zclVersion": 1
        },
        "linkquality": 102,
        "voltage": 3100
      },
      "battery": 100,
      "voltage": 3100,
      "linkquality": 102,
      "contact": true,
      "battery_low": false
    }
  ]
}