{
  "sensorId": "zigbee2mqtt",
  "sessionId": 20,
  "startTime": "2025-05-01T15:02:34.644Z",
  "data": [
    {
      "timestamp": "2025-05-01T15:02:34.644Z",
      "topic": "zigbee2mqtt/Sensor-6-OLAF",
      "value": {
        "battery": 100,
        "battery_low": false,
        "contact": true,
        "device": {
          "applicationVersion": 5,
          "dateCode": "20230630",
          "friendlyName": "Sensor-6-OLAF",
          "hardwareVersion": 1,
          "ieeeAddr": "0x00124b002a6b60a6",
          "manufacturerID": 0,
          "manufacturerName": "eWeLink",
          "model": "SNZB-04",
          "networkAddress": 52218,
          "powerSource": "Battery",
          "type": "EndDevice",
          "zclVersion": 1
        },
        "last_seen": "2025-05-01T17:02:34+02:00",
        "linkquality": 116,
        "voltage": 3100
      },
      "payload": {
        "battery": 100,
        "battery_low": false,
        "contact": true,
        "device": {
          "applicationVersion": 5,
          "dateCode": "20230630",
          "friendlyName": "Sensor-6-OLAF",
          "hardwareVersion": 1,
          "ieeeAddr": "0x00124b002a6b60a6",
          "manufacturerID": 0,
          "manufacturerName": "eWeLink",
          "model": "SNZB-04",
          "networkAddress": 52218,
          "powerSource": "Battery",
          "type": "EndDevice",
          "zclVersion": 1
        },
        "last_seen": "2025-05-01T17:02:34+02:00",
        "linkquality": 116,
        "voltage": 3100
      },
      "battery": 100,
      "voltage": 3100,
      "linkquality": 116,
      "last_seen": "2025-05-01T17:02:34+02:00",
      "contact": true,
      "battery_low": false
    },
    {
      "timestamp": "2025-05-01T15:02:34.857Z",
      "topic": "zigbee2mqtt/Sensor-6-OLAF",
      "value": {
        "battery": 100,
        "battery_low": false,
        "contact": true,
        "device": {
          "applicationVersion": 5,
          "dateCode": "20230630",
          "friendlyName": "Sensor-6-OLAF",
          "hardwareVersion": 1,
          "ieeeAddr": "0x00124b002a6b60a6",
          "manufacturerID": 0,
          "manufacturerName": "eWeLink",
          "model": "SNZB-04",
          "networkAddress": 52218,
          "powerSource": "Battery",
          "type": "EndDevice",
          "zclVersion": 1
        },
        "last_seen": "2025-05-01T17:02:34+02:00",
        "linkquality": 120,
        "voltage": 3100
      },
      "payload": {
        "battery": 100,
        "battery_low": false,
        "contact": true,
        "device": {
          "applicationVersion": 5,
          "dateCode": "20230630",
          "friendlyName": "Sensor-6-OLAF",
          "hardwareVersion": 1,
          "ieeeAddr": "0x00124b002a6b60a6",
          "manufacturerID": 0,
          "manufacturerName": "eWeLink",
          "model": "SNZB-04",
          "networkAddress": 52218,
          "powerSource": "Battery",
          "type": "EndDevice",
          "zclVersion": 1
        },
        "last_seen": "2025-05-01T17:02:34+02:00",
        "linkquality": 120,
        "voltage": 3100
      },
      "battery": 100,
      "voltage": 3100,
      "linkquality": 120,
      "last_seen": "2025-05-01T17:02:34+02:00",
      "contact": true,
      "battery_low": false
    },
    {
      "timestamp": "2025-05-01T15:03:44.819Z",
      "topic": "zigbee2mqtt/Sensor-6-OLAF",
      "value": {
        "battery": 100,
        "battery_low": false,
        "contact": false,
        "device": {
          "applicationVersion": 5,
          "dateCode": "20230630",
          "friendlyName": "Sensor-6-OLAF",
          "hardwareVersion": 1,
          "ieeeAddr": "0x00124b002a6b60a6",
          "manufacturerID": 0,
          "manufacturerName": "eWeLink",
          "model": "SNZB-04",
          "networkAddress": 52218,
          "powerSource": "Battery",
          "type": "EndDevice",
          "zclVersion": 1
        },
        "last_seen": "2025-05-01T17:03:44+02:00",
        "linkquality": 98,
        "voltage": 3100
      },
      "payload": {
        "battery": 100,
        "battery_low": false,
        "contact": false,
        "device": {
          "applicationVersion": 5,
          "dateCode": "20230630",
          "friendlyName": "Sensor-6-OLAF",
          "hardwareVersion": 1,
          "ieeeAddr": "0x00124b002a6b60a6",
          "manufacturerID": 0,
          "manufacturerName": "eWeLink",
          "model": "SNZB-04",
          "networkAddress": 52218,
          "powerSource": "Battery",
          "type": "EndDevice",
          "zclVersion": 1
        },
        "last_seen": "2025-05-01T17:03:44+02:00",
        "linkquality": 98,
        "voltage": 3100
      },
      "battery": 100,
      "voltage": 3100,
      "linkquality": 98,
      "last_seen": "2025-05-01T17:03:44+02:00",
      "contact": false,
      "battery_low": false
    },
    {
      "timestamp": "2025-05-01T15:03:45.720Z",
      "topic": "zigbee2mqtt/Sensor-6-OLAF",
      "value": {
        "battery": 100,
        "battery_low": false,
        "contact": true,
        "device": {
          "applicationVersion": 5,
          "dateCode": "20230630",
          "friendlyName": "Sensor-6-OLAF",
          "hardwareVersion": 1,
          "ieeeAddr": "0x00124b002a6b60a6",
          "manufacturerID": 0,
          "manufacturerName": "eWeLink",
          "model": "SNZB-04",
          "networkAddress": 52218,
          "powerSource": "Battery",
          "type": "EndDevice",
          "zclVersion": 1
        },
        "last_seen": "2025-05-01T17:03:45+02:00",
        "linkquality": 102,
        "voltage": 3100
      },
      "payload": {
        "battery": 100,
        "battery_low": false,
        "contact": true,
        "device": {
          "applicationVersion": 5,
          "dateCode": "20230630",
          "friendlyName": "Sensor-6-OLAF",
          "hardwareVersion": 1,
          "ieeeAddr": "0x00124b002a6b60a6",
          "manufacturerID": 0,
          "manufacturerName": "eWeLink",
          "model": "SNZB-04",
          "networkAddress": 52218,
          "powerSource": "Battery",
          "type": "EndDevice",
          "zclVersion": 1
        },
        "last_seen": "2025-05-01T17:03:45+02:00",
        "linkquality": 102,
        "voltage": 3100
      },
      "battery": 100,
      "voltage": 3100,
      "linkquality": 102,
      "last_seen": "2025-05-01T17:03:45+02:00",
      "contact": true,
      "battery_low": false
    },
    {
      "timestamp": "2025-05-01T15:03:55.806Z",
      "topic": "zigbee2mqtt/Sensor-6-OLAF",
      "value": {
        "battery": 100,
        "battery_low": false,
        "contact": false,
        "device": {
          "applicationVersion": 5,
          "dateCode": "20230630",
          "friendlyName": "Sensor-6-OLAF",
          "hardwareVersion": 1,
          "ieeeAddr": "0x00124b002a6b60a6",
          "manufacturerID": 0,
          "manufacturerName": "eWeLink",
          "model": "SNZB-04",
          "networkAddress": 52218,
          "powerSource": "Battery",
          "type": "EndDevice",
          "zclVersion": 1
        },
        "last_seen": "2025-05-01T17:03:55+02:00",
        "linkquality": 123,
        "voltage": 3100
      },
      "payload": {
        "battery": 100,
        "battery_low": false,
        "contact": false,
        "device": {
          "applicationVersion": 5,
          "dateCode": "20230630",
          "friendlyName": "Sensor-6-OLAF",
          "hardwareVersion": 1,
          "ieeeAddr": "0x00124b002a6b60a6",
          "manufacturerID": 0,
          "manufacturerName": "eWeLink",
          "model": "SNZB-04",
          "networkAddress": 52218,
          "powerSource": "Battery",
          "type": "EndDevice",
          "zclVersion": 1
        },
        "last_seen": "2025-05-01T17:03:55+02:00",
        "linkquality": 123,
        "voltage": 3100
      },
      "battery": 100,
      "voltage": 3100,
      "linkquality": 123,
      "last_seen": "2025-05-01T17:03:55+02:00",
      "contact": false,
      "battery_low": false
    },
    {
      "timestamp": "2025-05-01T15:03:57.033Z",
      "topic": "zigbee2mqtt/Sensor-6-OLAF",
      "value": {
        "battery": 100,
        "battery_low": false,
        "contact": true,
        "device": {
          "applicationVersion": 5,
          "dateCode": "20230630",
          "friendlyName": "Sensor-6-OLAF",
          "hardwareVersion": 1,
          "ieeeAddr": "0x00124b002a6b60a6",
          "manufacturerID": 0,
          "manufacturerName": "eWeLink",
          "model": "SNZB-04",
          "networkAddress": 52218,
          "powerSource": "Battery",
          "type": "EndDevice",
          "zclVersion": 1
        },
        "last_seen": "2025-05-01T17:03:56+02:00",
        "linkquality": 98,
        "voltage": 3100
      },
      "payload": {
        "battery": 100,
        "battery_low": false,
        "contact": true,
        "device": {
          "applicationVersion": 5,
          "dateCode": "20230630",
          "friendlyName": "Sensor-6-OLAF",
          "hardwareVersion": 1,
          "ieeeAddr": "0x00124b002a6b60a6",
          "manufacturerID": 0,
          "manufacturerName": "eWeLink",
          "model": "SNZB-04",
          "networkAddress": 52218,
          "powerSource": "Battery",
          "type": "EndDevice",
          "zclVersion": 1
        },
        "last_seen": "2025-05-01T17:03:56+02:00",
        "linkquality": 98,
        "voltage": 3100
      },
      "battery": 100,
      "voltage": 3100,
      "linkquality": 98,
      "last_seen": "2025-05-01T17:03:56+02:00",
      "contact": true,
      "battery_low": false
    },
    {
      "timestamp": "2025-05-01T15:04:46.981Z",
      "topic": "zigbee2mqtt/Sensor-6-OLAF",
      "value": {
        "battery": 100,
        "battery_low": false,
        "contact": false,
        "device": {
          "applicationVersion": 5,
          "dateCode": "20230630",
          "friendlyName": "Sensor-6-OLAF",
          "hardwareVersion": 1,
          "ieeeAddr": "0x00124b002a6b60a6",
          "manufacturerID": 0,
          "manufacturerName": "eWeLink",
          "model": "SNZB-04",
          "networkAddress": 52218,
          "powerSource": "Battery",
          "type": "EndDevice",
          "zclVersion": 1
        },
        "last_seen": "2025-05-01T17:04:46+02:00",
        "linkquality": 109,
        "voltage": 3100
      },
      "payload": {
        "battery": 100,
        "battery_low": false,
        "contact": false,
        "device": {
          "applicationVersion": 5,
          "dateCode": "20230630",
          "friendlyName": "Sensor-6-OLAF",
          "hardwareVersion": 1,
          "ieeeAddr": "0x00124b002a6b60a6",
          "manufacturerID": 0,
          "manufacturerName": "eWeLink",
          "model": "SNZB-04",
          "networkAddress": 52218,
          "powerSource": "Battery",
          "type": "EndDevice",
          "zclVersion": 1
        },
        "last_seen": "2025-05-01T17:04:46+02:00",
        "linkquality": 109,
        "voltage": 3100
      },
      "battery": 100,
      "voltage": 3100,
      "linkquality": 109,
      "last_seen": "2025-05-01T17:04:46+02:00",
      "contact": false,
      "battery_low": false
    },
    {
      "timestamp": "2025-05-01T15:04:48.061Z",
      "topic": "zigbee2mqtt/Sensor-6-OLAF",
      "value": {
        "battery": 100,
        "battery_low": false,
        "contact": true,
        "device": {
          "applicationVersion": 5,
          "dateCode": "20230630",
          "friendlyName": "Sensor-6-OLAF",
          "hardwareVersion": 1,
          "ieeeAddr": "0x00124b002a6b60a6",
          "manufacturerID": 0,
          "manufacturerName": "eWeLink",
          "model": "SNZB-04",
          "networkAddress": 52218,
          "powerSource": "Battery",
          "type": "EndDevice",
          "zclVersion": 1
        },
        "last_seen": "2025-05-01T17:04:47+02:00",
        "linkquality": 105,
        "voltage": 3100
      },
      "payload": {
        "battery": 100,
        "battery_low": false,
        "contact": true,
        "device": {
          "applicationVersion": 5,
          "dateCode": "20230630",
          "friendlyName": "Sensor-6-OLAF",
          "hardwareVersion": 1,
          "ieeeAddr": "0x00124b002a6b60a6",
          "manufacturerID": 0,
          "manufacturerName": "eWeLink",
          "model": "SNZB-04",
          "networkAddress": 52218,
          "powerSource": "Battery",
          "type": "EndDevice",
          "zclVersion": 1
        },
        "last_seen": "2025-05-01T17:04:47+02:00",
        "linkquality": 105,
        "voltage": 3100
      },
      "battery": 100,
      "voltage": 3100,
      "linkquality": 105,
      "last_seen": "2025-05-01T17:04:47+02:00",
      "contact": true,
      "battery_low": false
    },
    {
      "timestamp": "2025-05-01T15:04:53.125Z",
      "topic": "zigbee2mqtt/Sensor-6-OLAF",
      "value": {
        "battery": 100,
        "battery_low": false,
        "contact": false,
        "device": {
          "applicationVersion": 5,
          "dateCode": "20230630",
          "friendlyName": "Sensor-6-OLAF",
          "hardwareVersion": 1,
          "ieeeAddr": "0x00124b002a6b60a6",
          "manufacturerID": 0,
          "manufacturerName": "eWeLink",
          "model": "SNZB-04",
          "networkAddress": 52218,
          "powerSource": "Battery",
          "type": "EndDevice",
          "zclVersion": 1
        },
        "last_seen": "2025-05-01T17:04:52+02:00",
        "linkquality": 112,
        "voltage": 3100
      },
      "payload": {
        "battery": 100,
        "battery_low": false,
        "contact": false,
        "device": {
          "applicationVersion": 5,
          "dateCode": "20230630",
          "friendlyName": "Sensor-6-OLAF",
          "hardwareVersion": 1,
          "ieeeAddr": "0x00124b002a6b60a6",
          "manufacturerID": 0,
          "manufacturerName": "eWeLink",
          "model": "SNZB-04",
          "networkAddress": 52218,
          "powerSource": "Battery",
          "type": "EndDevice",
          "zclVersion": 1
        },
        "last_seen": "2025-05-01T17:04:52+02:00",
        "linkquality": 112,
        "voltage": 3100
      },
      "battery": 100,
      "voltage": 3100,
      "linkquality": 112,
      "last_seen": "2025-05-01T17:04:52+02:00",
      "contact": false,
      "battery_low": false
    },
    {
      "timestamp": "2025-05-01T15:04:56.262Z",
      "topic": "zigbee2mqtt/Sensor-6-OLAF",
      "value": {
        "battery": 100,
        "battery_low": false,
        "contact": true,
        "device": {
          "applicationVersion": 5,
          "dateCode": "20230630",
          "friendlyName": "Sensor-6-OLAF",
          "hardwareVersion": 1,
          "ieeeAddr": "0x00124b002a6b60a6",
          "manufacturerID": 0,
          "manufacturerName": "eWeLink",
          "model": "SNZB-04",
          "networkAddress": 52218,
          "powerSource": "Battery",
          "type": "EndDevice",
          "zclVersion": 1
        },
        "last_seen": "2025-05-01T17:04:55+02:00",
        "linkquality": 102,
        "voltage": 3100
      },
      "payload": {
        "battery": 100,
        "battery_low": false,
        "contact": true,
        "device": {
          "applicationVersion": 5,
          "dateCode": "20230630",
          "friendlyName": "Sensor-6-OLAF",
          "hardwareVersion": 1,
          "ieeeAddr": "0x00124b002a6b60a6",
          "manufacturerID": 0,
          "manufacturerName": "eWeLink",
          "model": "SNZB-04",
          "networkAddress": 52218,
          "powerSource": "Battery",
          "type": "EndDevice",
          "zclVersion": 1
        },
        "last_seen": "2025-05-01T17:04:55+02:00",
        "linkquality": 102,
        "voltage": 3100
      },
      "battery": 100,
      "voltage": 3100,
      "linkquality": 102,
      "last_seen": "2025-05-01T17:04:55+02:00",
      "contact": true,
      "battery_low": false
    },
    {
      "timestamp": "2025-05-01T15:04:58.102Z",
      "topic": "zigbee2mqtt/Sensor-6-OLAF",
      "value": {
        "battery": 100,
        "battery_low": false,
        "contact": false,
        "device": {
          "applicationVersion": 5,
          "dateCode": "20230630",
          "friendlyName": "Sensor-6-OLAF",
          "hardwareVersion": 1,
          "ieeeAddr": "0x00124b002a6b60a6",
          "manufacturerID": 0,
          "manufacturerName": "eWeLink",
          "model": "SNZB-04",
          "networkAddress": 52218,
          "powerSource": "Battery",
          "type": "EndDevice",
          "zclVersion": 1
        },
        "last_seen": "2025-05-01T17:04:57+02:00",
        "linkquality": 109,
        "voltage": 3100
      },
      "payload": {
        "battery": 100,
        "battery_low": false,
        "contact": false,
        "device": {
          "applicationVersion": 5,
          "dateCode": "20230630",
          "friendlyName": "Sensor-6-OLAF",
          "hardwareVersion": 1,
          "ieeeAddr": "0x00124b002a6b60a6",
          "manufacturerID": 0,
          "manufacturerName": "eWeLink",
          "model": "SNZB-04",
          "networkAddress": 52218,
          "powerSource": "Battery",
          "type": "EndDevice",
          "zclVersion": 1
        },
        "last_seen": "2025-05-01T17:04:57+02:00",
        "linkquality": 109,
        "voltage": 3100
      },
      "battery": 100,
      "voltage": 3100,
      "linkquality": 109,
      "last_seen": "2025-05-01T17:04:57+02:00",
      "contact": false,
      "battery_low": false
    },
    {
      "timestamp": "2025-05-01T15:05:01.454Z",
      "topic": "zigbee2mqtt/Sensor-6-OLAF",
      "value": {
        "battery": 100,
        "battery_low": false,
        "contact": true,
        "device": {
          "applicationVersion": 5,
          "dateCode": "20230630",
          "friendlyName": "Sensor-6-OLAF",
          "hardwareVersion": 1,
          "ieeeAddr": "0x00124b002a6b60a6",
          "manufacturerID": 0,
          "manufacturerName": "eWeLink",
          "model": "SNZB-04",
          "networkAddress": 52218,
          "powerSource": "Battery",
          "type": "EndDevice",
          "zclVersion": 1
        },
        "last_seen": "2025-05-01T17:05:01+02:00",
        "linkquality": 98,
        "voltage": 3100
      },
      "payload": {
        "battery": 100,
        "battery_low": false,
        "contact": true,
        "device": {
          "applicationVersion": 5,
          "dateCode": "20230630",
          "friendlyName": "Sensor-6-OLAF",
          "hardwareVersion": 1,
          "ieeeAddr": "0x00124b002a6b60a6",
          "manufacturerID": 0,
          "manufacturerName": "eWeLink",
          "model": "SNZB-04",
          "networkAddress": 52218,
          "powerSource": "Battery",
          "type": "EndDevice",
          "zclVersion": 1
        },
        "last_seen": "2025-05-01T17:05:01+02:00",
        "linkquality": 98,
        "voltage": 3100
      },
      "battery": 100,
      "voltage": 3100,
      "linkquality": 98,
      "last_seen": "2025-05-01T17:05:01+02:00",
      "contact": true,
      "battery_low": false
    },
    {
      "timestamp": "2025-05-01T15:05:03.329Z",
      "topic": "zigbee2mqtt/Sensor-6-OLAF",
      "value": {
        "battery": 100,
        "battery_low": false,
        "contact": false,
        "device": {
          "applicationVersion": 5,
          "dateCode": "20230630",
          "friendlyName": "Sensor-6-OLAF",
          "hardwareVersion": 1,
          "ieeeAddr": "0x00124b002a6b60a6",
          "manufacturerID": 0,
          "manufacturerName": "eWeLink",
          "model": "SNZB-04",
          "networkAddress": 52218,
          "powerSource": "Battery",
          "type": "EndDevice",
          "zclVersion": 1
        },
        "last_seen": "2025-05-01T17:05:02+02:00",
        "linkquality": 58,
        "voltage": 3100
      },
      "payload": {
        "battery": 100,
        "battery_low": false,
        "contact": false,
        "device": {
          "applicationVersion": 5,
          "dateCode": "20230630",
          "friendlyName": "Sensor-6-OLAF",
          "hardwareVersion": 1,
          "ieeeAddr": "0x00124b002a6b60a6",
          "manufacturerID": 0,
          "manufacturerName": "eWeLink",
          "model": "SNZB-04",
          "networkAddress": 52218,
          "powerSource": "Battery",
          "type": "EndDevice",
          "zclVersion": 1
        },
        "last_seen": "2025-05-01T17:05:02+02:00",
        "linkquality": 58,
        "voltage": 3100
      },
      "battery": 100,
      "voltage": 3100,
      "linkquality": 58,
      "last_seen": "2025-05-01T17:05:02+02:00",
      "contact": false,
      "battery_low": false
    },
    {
      "timestamp": "2025-05-01T15:05:04.262Z",
      "topic": "zigbee2mqtt/Sensor-6-OLAF",
      "value": {
        "battery": 100,
        "battery_low": false,
        "contact": true,
        "device": {
          "applicationVersion": 5,
          "dateCode": "20230630",
          "friendlyName": "Sensor-6-OLAF",
          "hardwareVersion": 1,
          "ieeeAddr": "0x00124b002a6b60a6",
          "manufacturerID": 0,
          "manufacturerName": "eWeLink",
          "model": "SNZB-04",
          "networkAddress": 52218,
          "powerSource": "Battery",
          "type": "EndDevice",
          "zclVersion": 1
        },
        "last_seen": "2025-05-01T17:05:03+02:00",
        "linkquality": 76,
        "voltage": 3100
      },
      "payload": {
        "battery": 100,
        "battery_low": false,
        "contact": true,
        "device": {
          "applicationVersion": 5,
          "dateCode": "20230630",
          "friendlyName": "Sensor-6-OLAF",
          "hardwareVersion": 1,
          "ieeeAddr": "0x00124b002a6b60a6",
          "manufacturerID": 0,
          "manufacturerName": "eWeLink",
          "model": "SNZB-04",
          "networkAddress": 52218,
          "powerSource": "Battery",
          "type": "EndDevice",
          "zclVersion": 1
        },
        "last_seen": "2025-05-01T17:05:03+02:00",
        "linkquality": 76,
        "voltage": 3100
      },
      "battery": 100,
      "voltage": 3100,
      "linkquality": 76,
      "last_seen": "2025-05-01T17:05:03+02:00",
      "contact": true,
      "battery_low": false
    },
    {
      "timestamp": "2025-05-01T15:05:09.436Z",
      "topic": "zigbee2mqtt/Sensor-6-OLAF",
      "value": {
        "battery": 100,
        "battery_low": false,
        "contact": false,
        "device": {
          "applicationVersion": 5,
          "dateCode": "20230630",
          "friendlyName": "Sensor-6-OLAF",
          "hardwareVersion": 1,
          "ieeeAddr": "0x00124b002a6b60a6",
          "manufacturerID": 0,
          "manufacturerName": "eWeLink",
          "model": "SNZB-04",
          "networkAddress": 52218,
          "powerSource": "Battery",
          "type": "EndDevice",
          "zclVersion": 1
        },
        "last_seen": "2025-05-01T17:05:09+02:00",
        "linkquality": 116,
        "voltage": 3100
      },
      "payload": {
        "battery": 100,
        "battery_low": false,
        "contact": false,
        "device": {
          "applicationVersion": 5,
          "dateCode": "20230630",
          "friendlyName": "Sensor-6-OLAF",
          "hardwareVersion": 1,
          "ieeeAddr": "0x00124b002a6b60a6",
          "manufacturerID": 0,
          "manufacturerName": "eWeLink",
          "model": "SNZB-04",
          "networkAddress": 52218,
          "powerSource": "Battery",
          "type": "EndDevice",
          "zclVersion": 1
        },
        "last_seen": "2025-05-01T17:05:09+02:00",
        "linkquality": 116,
        "voltage": 3100
      },
      "battery": 100,
      "voltage": 3100,
      "linkquality": 116,
      "last_seen": "2025-05-01T17:05:09+02:00",
      "contact": false,
      "battery_low": false
    },
    {
      "timestamp": "2025-05-01T15:05:09.801Z",
      "topic": "zigbee2mqtt/Sensor-6-OLAF",
      "value": {
        "battery": 100,
        "battery_low": false,
        "contact": true,
        "device": {
          "applicationVersion": 5,
          "dateCode": "20230630",
          "friendlyName": "Sensor-6-OLAF",
          "hardwareVersion": 1,
          "ieeeAddr": "0x00124b002a6b60a6",
          "manufacturerID": 0,
          "manufacturerName": "eWeLink",
          "model": "SNZB-04",
          "networkAddress": 52218,
          "powerSource": "Battery",
          "type": "EndDevice",
          "zclVersion": 1
        },
        "last_seen": "2025-05-01T17:05:09+02:00",
        "linkquality": 105,
        "voltage": 3100
      },
      "payload": {
        "battery": 100,
        "battery_low": false,
        "contact": true,
        "device": {
          "applicationVersion": 5,
          "dateCode": "20230630",
          "friendlyName": "Sensor-6-OLAF",
          "hardwareVersion": 1,
          "ieeeAddr": "0x00124b002a6b60a6",
          "manufacturerID": 0,
          "manufacturerName": "eWeLink",
          "model": "SNZB-04",
          "networkAddress": 52218,
          "powerSource": "Battery",
          "type": "EndDevice",
          "zclVersion": 1
        },
        "last_seen": "2025-05-01T17:05:09+02:00",
        "linkquality": 105,
        "voltage": 3100
      },
      "battery": 100,
      "voltage": 3100,
      "linkquality": 105,
      "last_seen": "2025-05-01T17:05:09+02:00",
      "contact": true,
      "battery_low": false
    },
    {
      "timestamp": "2025-05-01T15:05:39.198Z",
      "topic": "zigbee2mqtt/Sensor-6-OLAF",
      "value": {
        "battery": 100,
        "battery_low": false,
        "contact": false,
        "device": {
          "applicationVersion": 5,
          "dateCode": "20230630",
          "friendlyName": "Sensor-6-OLAF",
          "hardwareVersion": 1,
          "ieeeAddr": "0x00124b002a6b60a6",
          "manufacturerID": 0,
          "manufacturerName": "eWeLink",
          "model": "SNZB-04",
          "networkAddress": 52218,
          "powerSource": "Battery",
          "type": "EndDevice",
          "zclVersion": 1
        },
        "last_seen": "2025-05-01T17:05:38+02:00",
        "linkquality": 10,
        "voltage": 3100
      },
      "payload": {
        "battery": 100,
        "battery_low": false,
        "contact": false,
        "device": {
          "applicationVersion": 5,
          "dateCode": "20230630",
          "friendlyName": "Sensor-6-OLAF",
          "hardwareVersion": 1,
          "ieeeAddr": "0x00124b002a6b60a6",
          "manufacturerID": 0,
          "manufacturerName": "eWeLink",
          "model": "SNZB-04",
          "networkAddress": 52218,
          "powerSource": "Battery",
          "type": "EndDevice",
          "zclVersion": 1
        },
        "last_seen": "2025-05-01T17:05:38+02:00",
        "linkquality": 10,
        "voltage": 3100
      },
      "battery": 100,
      "voltage": 3100,
      "linkquality": 10,
      "last_seen": "2025-05-01T17:05:38+02:00",
      "contact": false,
      "battery_low": false
    },
    {
      "timestamp": "2025-05-01T15:05:44.274Z",
      "topic": "zigbee2mqtt/Sensor-6-OLAF",
      "value": {
        "battery": 100,
        "battery_low": false,
        "contact": true,
        "device": {
          "applicationVersion": 5,
          "dateCode": "20230630",
          "friendlyName": "Sensor-6-OLAF",
          "hardwareVersion": 1,
          "ieeeAddr": "0x00124b002a6b60a6",
          "manufacturerID": 0,
          "manufacturerName": "eWeLink",
          "model": "SNZB-04",
          "networkAddress": 52218,
          "powerSource": "Battery",
          "type": "EndDevice",
          "zclVersion": 1
        },
        "last_seen": "2025-05-01T17:05:43+02:00",
        "linkquality": 32,
        "voltage": 3100
      },
      "payload": {
        "battery": 100,
        "battery_low": false,
        "contact": true,
        "device": {
          "applicationVersion": 5,
          "dateCode": "20230630",
          "friendlyName": "Sensor-6-OLAF",
          "hardwareVersion": 1,
          "ieeeAddr": "0x00124b002a6b60a6",
          "manufacturerID": 0,
          "manufacturerName": "eWeLink",
          "model": "SNZB-04",
          "networkAddress": 52218,
          "powerSource": "Battery",
          "type": "EndDevice",
          "zclVersion": 1
        },
        "last_seen": "2025-05-01T17:05:43+02:00",
        "linkquality": 32,
        "voltage": 3100
      },
      "battery": 100,
      "voltage": 3100,
      "linkquality": 32,
      "last_seen": "2025-05-01T17:05:43+02:00",
      "contact": true,
      "battery_low": false
    },
    {
      "timestamp": "2025-05-01T15:05:45.314Z",
      "topic": "zigbee2mqtt/Sensor-6-OLAF",
      "value": {
        "battery": 100,
        "battery_low": false,
        "contact": false,
        "device": {
          "applicationVersion": 5,
          "dateCode": "20230630",
          "friendlyName": "Sensor-6-OLAF",
          "hardwareVersion": 1,
          "ieeeAddr": "0x00124b002a6b60a6",
          "manufacturerID": 0,
          "manufacturerName": "eWeLink",
          "model": "SNZB-04",
          "networkAddress": 52218,
          "powerSource": "Battery",
          "type": "EndDevice",
          "zclVersion": 1
        },
        "last_seen": "2025-05-01T17:05:44+02:00",
        "linkquality": 29,
        "voltage": 3100
      },
      "payload": {
        "battery": 100,
        "battery_low": false,
        "contact": false,
        "device": {
          "applicationVersion": 5,
          "dateCode": "20230630",
          "friendlyName": "Sensor-6-OLAF",
          "hardwareVersion": 1,
          "ieeeAddr": "0x00124b002a6b60a6",
          "manufacturerID": 0,
          "manufacturerName": "eWeLink",
          "model": "SNZB-04",
          "networkAddress": 52218,
          "powerSource": "Battery",
          "type": "EndDevice",
          "zclVersion": 1
        },
        "last_seen": "2025-05-01T17:05:44+02:00",
        "linkquality": 29,
        "voltage": 3100
      },
      "battery": 100,
      "voltage": 3100,
      "linkquality": 29,
      "last_seen": "2025-05-01T17:05:44+02:00",
      "contact": false,
      "battery_low": false
    },
    {
      "timestamp": "2025-05-01T15:05:59.696Z",
      "topic": "zigbee2mqtt/Sensor-6-OLAF",
      "value": {
        "battery": 100,
        "battery_low": false,
        "contact": true,
        "device": {
          "applicationVersion": 5,
          "dateCode": "20230630",
          "friendlyName": "Sensor-6-OLAF",
          "hardwareVersion": 1,
          "ieeeAddr": "0x00124b002a6b60a6",
          "manufacturerID": 0,
          "manufacturerName": "eWeLink",
          "model": "SNZB-04",
          "networkAddress": 52218,
          "powerSource": "Battery",
          "type": "EndDevice",
          "zclVersion": 1
        },
        "last_seen": "2025-05-01T17:05:59+02:00",
        "linkquality": 40,
        "voltage": 3100
      },
      "payload": {
        "battery": 100,
        "battery_low": false,
        "contact": true,
        "device": {
          "applicationVersion": 5,
          "dateCode": "20230630",
          "friendlyName": "Sensor-6-OLAF",
          "hardwareVersion": 1,
          "ieeeAddr": "0x00124b002a6b60a6",
          "manufacturerID": 0,
          "manufacturerName": "eWeLink",
          "model": "SNZB-04",
          "networkAddress": 52218,
          "powerSource": "Battery",
          "type": "EndDevice",
          "zclVersion": 1
        },
        "last_seen": "2025-05-01T17:05:59+02:00",
        "linkquality": 40,
        "voltage": 3100
      },
      "battery": 100,
      "voltage": 3100,
      "linkquality": 40,
      "last_seen": "2025-05-01T17:05:59+02:00",
      "contact": true,
      "battery_low": false
    },
    {
      "timestamp": "2025-05-01T15:06:00.805Z",
      "topic": "zigbee2mqtt/Sensor-6-OLAF",
      "value": {
        "battery": 100,
        "battery_low": false,
        "contact": false,
        "device": {
          "applicationVersion": 5,
          "dateCode": "20230630",
          "friendlyName": "Sensor-6-OLAF",
          "hardwareVersion": 1,
          "ieeeAddr": "0x00124b002a6b60a6",
          "manufacturerID": 0,
          "manufacturerName": "eWeLink",
          "model": "SNZB-04",
          "networkAddress": 52218,
          "powerSource": "Battery",
          "type": "EndDevice",
          "zclVersion": 1
        },
        "last_seen": "2025-05-01T17:06:00+02:00",
        "linkquality": 51,
        "voltage": 3100
      },
      "payload": {
        "battery": 100,
        "battery_low": false,
        "contact": false,
        "device": {
          "applicationVersion": 5,
          "dateCode": "20230630",
          "friendlyName": "Sensor-6-OLAF",
          "hardwareVersion": 1,
          "ieeeAddr": "0x00124b002a6b60a6",
          "manufacturerID": 0,
          "manufacturerName": "eWeLink",
          "model": "SNZB-04",
          "networkAddress": 52218,
          "powerSource": "Battery",
          "type": "EndDevice",
          "zclVersion": 1
        },
        "last_seen": "2025-05-01T17:06:00+02:00",
        "linkquality": 51,
        "voltage": 3100
      },
      "battery": 100,
      "voltage": 3100,
      "linkquality": 51,
      "last_seen": "2025-05-01T17:06:00+02:00",
      "contact": false,
      "battery_low": false
    },
    {
      "timestamp": "2025-05-01T15:06:01.454Z",
      "topic": "zigbee2mqtt/Sensor-4-despacho",
      "value": {
        "battery": 100,
        "battery_low": false,
        "contact": true,
        "device": {
          "applicationVersion": 5,
          "dateCode": "20230630",
          "friendlyName": "Sensor-4-despacho",
          "hardwareVersion": 1,
          "ieeeAddr": "0x00124b002a6b62b7",
          "manufacturerID": 0,
          "manufacturerName": "eWeLink",
          "model": "SNZB-04",
          "networkAddress": 64922,
          "powerSource": "Battery",
          "type": "EndDevice",
          "zclVersion": 1
        },
        "last_seen": "2025-05-01T17:06:01+02:00",
        "linkquality": 32,
        "voltage": 3100
      },
      "payload": {
        "battery": 100,
        "battery_low": false,
        "contact": true,
        "device": {
          "applicationVersion": 5,
          "dateCode": "20230630",
          "friendlyName": "Sensor-4-despacho",
          "hardwareVersion": 1,
          "ieeeAddr": "0x00124b002a6b62b7",
          "manufacturerID": 0,
          "manufacturerName": "eWeLink",
          "model": "SNZB-04",
          "networkAddress": 64922,
          "powerSource": "Battery",
          "type": "EndDevice",
          "zclVersion": 1
        },
        "last_seen": "2025-05-01T17:06:01+02:00",
        "linkquality": 32,
        "voltage": 3100
      },
      "battery": 100,
      "voltage": 3100,
      "linkquality": 32,
      "last_seen": "2025-05-01T17:06:01+02:00",
      "contact": true,
      "battery_low": false
    },
    {
      "timestamp": "2025-05-01T15:06:01.987Z",
      "topic": "zigbee2mqtt/Sensor-4-despacho",
      "value": {
        "battery": 100,
        "battery_low": false,
        "contact": true,
        "device": {
          "applicationVersion": 5,
          "dateCode": "20230630",
          "friendlyName": "Sensor-4-despacho",
          "hardwareVersion": 1,
          "ieeeAddr": "0x00124b002a6b62b7",
          "manufacturerID": 0,
          "manufacturerName": "eWeLink",
          "model": "SNZB-04",
          "networkAddress": 64922,
          "powerSource": "Battery",
          "type": "EndDevice",
          "zclVersion": 1
        },
        "last_seen": "2025-05-01T17:06:01+02:00",
        "linkquality": 47,
        "voltage": 3100
      },
      "payload": {
        "battery": 100,
        "battery_low": false,
        "contact": true,
        "device": {
          "applicationVersion": 5,
          "dateCode": "20230630",
          "friendlyName": "Sensor-4-despacho",
          "hardwareVersion": 1,
          "ieeeAddr": "0x00124b002a6b62b7",
          "manufacturerID": 0,
          "manufacturerName": "eWeLink",
          "model": "SNZB-04",
          "networkAddress": 64922,
          "powerSource": "Battery",
          "type": "EndDevice",
          "zclVersion": 1
        },
        "last_seen": "2025-05-01T17:06:01+02:00",
        "linkquality": 47,
        "voltage": 3100
      },
      "battery": 100,
      "voltage": 3100,
      "linkquality": 47,
      "last_seen": "2025-05-01T17:06:01+02:00",
      "contact": true,
      "battery_low": false
    },
    {
      "timestamp": "2025-05-01T15:06:03.039Z",
      "topic": "zigbee2mqtt/Sensor-4-despacho",
      "value": {
        "battery": 100,
        "battery_low": false,
        "contact": true,
        "device": {
          "applicationVersion": 5,
          "dateCode": "20230630",
          "friendlyName": "Sensor-4-despacho",
          "hardwareVersion": 1,
          "ieeeAddr": "0x00124b002a6b62b7",
          "manufacturerID": 0,
          "manufacturerName": "eWeLink",
          "model": "SNZB-04",
          "networkAddress": 64922,
          "powerSource": "Battery",
          "type": "EndDevice",
          "zclVersion": 1
        },
        "last_seen": "2025-05-01T17:06:01+02:00",
        "linkquality": 47,
        "voltage": 3100
      },
      "payload": {
        "battery": 100,
        "battery_low": false,
        "contact": true,
        "device": {
          "applicationVersion": 5,
          "dateCode": "20230630",
          "friendlyName": "Sensor-4-despacho",
          "hardwareVersion": 1,
          "ieeeAddr": "0x00124b002a6b62b7",
          "manufacturerID": 0,
          "manufacturerName": "eWeLink",
          "model": "SNZB-04",
          "networkAddress": 64922,
          "powerSource": "Battery",
          "type": "EndDevice",
          "zclVersion": 1
        },
        "last_seen": "2025-05-01T17:06:01+02:00",
        "linkquality": 47,
        "voltage": 3100
      },
      "battery": 100,
      "voltage": 3100,
      "linkquality": 47,
      "last_seen": "2025-05-01T17:06:01+02:00",
      "contact": true,
      "battery_low": false
    },
    {
      "timestamp": "2025-05-01T15:06:04.365Z",
      "topic": "zigbee2mqtt/Sensor-6-OLAF",
      "value": {
        "battery": 100,
        "battery_low": false,
        "contact": true,
        "device": {
          "applicationVersion": 5,
          "dateCode": "20230630",
          "friendlyName": "Sensor-6-OLAF",
          "hardwareVersion": 1,
          "ieeeAddr": "0x00124b002a6b60a6",
          "manufacturerID": 0,
          "manufacturerName": "eWeLink",
          "model": "SNZB-04",
          "networkAddress": 52218,
          "powerSource": "Battery",
          "type": "EndDevice",
          "zclVersion": 1
        },
        "last_seen": "2025-05-01T17:06:03+02:00",
        "linkquality": 58,
        "voltage": 3100
      },
      "payload": {
        "battery": 100,
        "battery_low": false,
        "contact": true,
        "device": {
          "applicationVersion": 5,
          "dateCode": "20230630",
          "friendlyName": "Sensor-6-OLAF",
          "hardwareVersion": 1,
          "ieeeAddr": "0x00124b002a6b60a6",
          "manufacturerID": 0,
          "manufacturerName": "eWeLink",
          "model": "SNZB-04",
          "networkAddress": 52218,
          "powerSource": "Battery",
          "type": "EndDevice",
          "zclVersion": 1
        },
        "last_seen": "2025-05-01T17:06:03+02:00",
        "linkquality": 58,
        "voltage": 3100
      },
      "battery": 100,
      "voltage": 3100,
      "linkquality": 58,
      "last_seen": "2025-05-01T17:06:03+02:00",
      "contact": true,
      "battery_low": false
    },
    {
      "timestamp": "2025-05-01T15:06:13.588Z",
      "topic": "zigbee2mqtt/Sensor-6-OLAF",
      "value": {
        "battery": 100,
        "battery_low": false,
        "contact": false,
        "device": {
          "applicationVersion": 5,
          "dateCode": "20230630",
          "friendlyName": "Sensor-6-OLAF",
          "hardwareVersion": 1,
          "ieeeAddr": "0x00124b002a6b60a6",
          "manufacturerID": 0,
          "manufacturerName": "eWeLink",
          "model": "SNZB-04",
          "networkAddress": 52218,
          "powerSource": "Battery",
          "type": "EndDevice",
          "zclVersion": 1
        },
        "last_seen": "2025-05-01T17:06:13+02:00",
        "linkquality": 40,
        "voltage": 3100
      },
      "payload": {
        "battery": 100,
        "battery_low": false,
        "contact": false,
        "device": {
          "applicationVersion": 5,
          "dateCode": "20230630",
          "friendlyName": "Sensor-6-OLAF",
          "hardwareVersion": 1,
          "ieeeAddr": "0x00124b002a6b60a6",
          "manufacturerID": 0,
          "manufacturerName": "eWeLink",
          "model": "SNZB-04",
          "networkAddress": 52218,
          "powerSource": "Battery",
          "type": "EndDevice",
          "zclVersion": 1
        },
        "last_seen": "2025-05-01T17:06:13+02:00",
        "linkquality": 40,
        "voltage": 3100
      },
      "battery": 100,
      "voltage": 3100,
      "linkquality": 40,
      "last_seen": "2025-05-01T17:06:13+02:00",
      "contact": false,
      "battery_low": false
    },
    {
      "timestamp": "2025-05-01T15:06:14.147Z",
      "topic": "zigbee2mqtt/Sensor-6-OLAF",
      "value": {
        "battery": 100,
        "battery_low": false,
        "contact": true,
        "device": {
          "applicationVersion": 5,
          "dateCode": "20230630",
          "friendlyName": "Sensor-6-OLAF",
          "hardwareVersion": 1,
          "ieeeAddr": "0x00124b002a6b60a6",
          "manufacturerID": 0,
          "manufacturerName": "eWeLink",
          "model": "SNZB-04",
          "networkAddress": 52218,
          "powerSource": "Battery",
          "type": "EndDevice",
          "zclVersion": 1
        },
        "last_seen": "2025-05-01T17:06:13+02:00",
        "linkquality": 36,
        "voltage": 3100
      },
      "payload": {
        "battery": 100,
        "battery_low": false,
        "contact": true,
        "device": {
          "applicationVersion": 5,
          "dateCode": "20230630",
          "friendlyName": "Sensor-6-OLAF",
          "hardwareVersion": 1,
          "ieeeAddr": "0x00124b002a6b60a6",
          "manufacturerID": 0,
          "manufacturerName": "eWeLink",
          "model": "SNZB-04",
          "networkAddress": 52218,
          "powerSource": "Battery",
          "type": "EndDevice",
          "zclVersion": 1
        },
        "last_seen": "2025-05-01T17:06:13+02:00",
        "linkquality": 36,
        "voltage": 3100
      },
      "battery": 100,
      "voltage": 3100,
      "linkquality": 36,
      "last_seen": "2025-05-01T17:06:13+02:00",
      "contact": true,
      "battery_low": false
    },
    {
      "timestamp": "2025-05-01T15:06:16.450Z",
      "topic": "zigbee2mqtt/Sensor-6-OLAF",
      "value": {
        "battery": 100,
        "battery_low": false,
        "contact": false,
        "device": {
          "applicationVersion": 5,
          "dateCode": "20230630",
          "friendlyName": "Sensor-6-OLAF",
          "hardwareVersion": 1,
          "ieeeAddr": "0x00124b002a6b60a6",
          "manufacturerID": 0,
          "manufacturerName": "eWeLink",
          "model": "SNZB-04",
          "networkAddress": 52218,
          "powerSource": "Battery",
          "type": "EndDevice",
          "zclVersion": 1
        },
        "last_seen": "2025-05-01T17:06:15+02:00",
        "linkquality": 10,
        "voltage": 3100
      },
      "payload": {
        "battery": 100,
        "battery_low": false,
        "contact": false,
        "device": {
          "applicationVersion": 5,
          "dateCode": "20230630",
          "friendlyName": "Sensor-6-OLAF",
          "hardwareVersion": 1,
          "ieeeAddr": "0x00124b002a6b60a6",
          "manufacturerID": 0,
          "manufacturerName": "eWeLink",
          "model": "SNZB-04",
          "networkAddress": 52218,
          "powerSource": "Battery",
          "type": "EndDevice",
          "zclVersion": 1
        },
        "last_seen": "2025-05-01T17:06:15+02:00",
        "linkquality": 10,
        "voltage": 3100
      },
      "battery": 100,
      "voltage": 3100,
      "linkquality": 10,
      "last_seen": "2025-05-01T17:06:15+02:00",
      "contact": false,
      "battery_low": false
    },
    {
      "timestamp": "2025-05-01T15:06:29.277Z",
      "topic": "zigbee2mqtt/Sensor-6-OLAF",
      "value": {
        "battery": 100,
        "battery_low": false,
        "contact": true,
        "device": {
          "applicationVersion": 5,
          "dateCode": "20230630",
          "friendlyName": "Sensor-6-OLAF",
          "hardwareVersion": 1,
          "ieeeAddr": "0x00124b002a6b60a6",
          "manufacturerID": 0,
          "manufacturerName": "eWeLink",
          "model": "SNZB-04",
          "networkAddress": 52218,
          "powerSource": "Battery",
          "type": "EndDevice",
          "zclVersion": 1
        },
        "last_seen": "2025-05-01T17:06:28+02:00",
        "linkquality": 14,
        "voltage": 3100
      },
      "payload": {
        "battery": 100,
        "battery_low": false,
        "contact": true,
        "device": {
          "applicationVersion": 5,
          "dateCode": "20230630",
          "friendlyName": "Sensor-6-OLAF",
          "hardwareVersion": 1,
          "ieeeAddr": "0x00124b002a6b60a6",
          "manufacturerID": 0,
          "manufacturerName": "eWeLink",
          "model": "SNZB-04",
          "networkAddress": 52218,
          "powerSource": "Battery",
          "type": "EndDevice",
          "zclVersion": 1
        },
        "last_seen": "2025-05-01T17:06:28+02:00",
        "linkquality": 14,
        "voltage": 3100
      },
      "battery": 100,
      "voltage": 3100,
      "linkquality": 14,
      "last_seen": "2025-05-01T17:06:28+02:00",
      "contact": true,
      "battery_low": false
    },
    {
      "timestamp": "2025-05-01T15:06:47.237Z",
      "topic": "zigbee2mqtt/Sensor-6-OLAF",
      "value": {
        "battery": 100,
        "battery_low": false,
        "contact": false,
        "device": {
          "applicationVersion": 5,
          "dateCode": "20230630",
          "friendlyName": "Sensor-6-OLAF",
          "hardwareVersion": 1,
          "ieeeAddr": "0x00124b002a6b60a6",
          "manufacturerID": 0,
          "manufacturerName": "eWeLink",
          "model": "SNZB-04",
          "networkAddress": 52218,
          "powerSource": "Battery",
          "type": "EndDevice",
          "zclVersion": 1
        },
        "last_seen": "2025-05-01T17:06:46+02:00",
        "linkquality": 174,
        "voltage": 3100
      },
      "payload": {
        "battery": 100,
        "battery_low": false,
        "contact": false,
        "device": {
          "applicationVersion": 5,
          "dateCode": "20230630",
          "friendlyName": "Sensor-6-OLAF",
          "hardwareVersion": 1,
          "ieeeAddr": "0x00124b002a6b60a6",
          "manufacturerID": 0,
          "manufacturerName": "eWeLink",
          "model": "SNZB-04",
          "networkAddress": 52218,
          "powerSource": "Battery",
          "type": "EndDevice",
          "zclVersion": 1
        },
        "last_seen": "2025-05-01T17:06:46+02:00",
        "linkquality": 174,
        "voltage": 3100
      },
      "battery": 100,
      "voltage": 3100,
      "linkquality": 174,
      "last_seen": "2025-05-01T17:06:46+02:00",
      "contact": false,
      "battery_low": false
    },
    {
      "timestamp": "2025-05-01T15:06:47.864Z",
      "topic": "zigbee2mqtt/Sensor-6-OLAF",
      "value": {
        "battery": 100,
        "battery_low": false,
        "contact": true,
        "device": {
          "applicationVersion": 5,
          "dateCode": "20230630",
          "friendlyName": "Sensor-6-OLAF",
          "hardwareVersion": 1,
          "ieeeAddr": "0x00124b002a6b60a6",
          "manufacturerID": 0,
          "manufacturerName": "eWeLink",
          "model": "SNZB-04",
          "networkAddress": 52218,
          "powerSource": "Battery",
          "type": "EndDevice",
          "zclVersion": 1
        },
        "last_seen": "2025-05-01T17:06:47+02:00",
        "linkquality": 163,
        "voltage": 3100
      },
      "payload": {
        "battery": 100,
        "battery_low": false,
        "contact": true,
        "device": {
          "applicationVersion": 5,
          "dateCode": "20230630",
          "friendlyName": "Sensor-6-OLAF",
          "hardwareVersion": 1,
          "ieeeAddr": "0x00124b002a6b60a6",
          "manufacturerID": 0,
          "manufacturerName": "eWeLink",
          "model": "SNZB-04",
          "networkAddress": 52218,
          "powerSource": "Battery",
          "type": "EndDevice",
          "zclVersion": 1
        },
        "last_seen": "2025-05-01T17:06:47+02:00",
        "linkquality": 163,
        "voltage": 3100
      },
      "battery": 100,
      "voltage": 3100,
      "linkquality": 163,
      "last_seen": "2025-05-01T17:06:47+02:00",
      "contact": true,
      "battery_low": false
    }
  ]
}